hcp_id,region,product,month,channel,promo_contacts,sales_units
1,North,Oncology-A,1,Email,2,176.36
1,North,Oncology-A,2,Webinar,1,133.84
1,North,Oncology-A,3,Email,5,236.38
1,North,Oncology-A,4,Field,0,166.13
1,North,Oncology-A,5,Webinar,5,240.47
1,North,Oncology-A,6,Field,1,172.48
1,North,Oncology-A,7,Field,4,244.39
1,North,Oncology-A,8,Email,0,116.16
1,North,Oncology-A,9,Field,3,168.88
1,North,Oncology-A,10,Webinar,3,196.63
1,North,Oncology-A,11,Webinar,1,156.85
1,North,Oncology-A,12,Field,5,218.19
2,South,Oncology-B,1,Email,4,121.1
2,South,Oncology-B,2,Email,1,37.76
2,South,Oncology-B,3,Webinar,2,38.99
2,South,Oncology-B,4,Webinar,0,43.75
2,South,Oncology-B,5,Email,2,82.96
2,South,Oncology-B,6,Webinar,3,76.25
2,South,Oncology-B,7,Webinar,0,43.5
2,South,Oncology-B,8,Webinar,1,61.34
2,South,Oncology-B,9,Field,3,90.33
2,South,Oncology-B,10,Field,1,23.25
2,South,Oncology-B,11,Field,5,104.98
2,South,Oncology-B,12,Webinar,2,58.85
3,East,Immunology-A,1,Email,2,106.89
3,East,Immunology-A,2,Webinar,3,117.11
3,East,Immunology-A,3,Webinar,1,92.59
3,East,Immunology-A,4,Email,2,141.67
3,East,Immunology-A,5,Field,1,84.34
3,East,Immunology-A,6,Webinar,3,86.32
3,East,Immunology-A,7,Field,2,184.94
3,East,Immunology-A,8,Email,3,102.77
3,East,Immunology-A,9,Email,3,127.02
3,East,Immunology-A,10,Webinar,1,45.22
3,East,Immunology-A,11,Webinar,2,108.35
3,East,Immunology-A,12,Webinar,1,74.61
4,West,Diabetes-A,1,Field,4,123.3
4,West,Diabetes-A,2,Webinar,1,36.31
4,West,Diabetes-A,3,Field,2,45.73
4,West,Diabetes-A,4,Email,5,130.16
4,West,Diabetes-A,5,Webinar,2,75.26
4,West,Diabetes-A,6,Webinar,3,131.77
4,West,Diabetes-A,7,Email,1,25.0
4,West,Diabetes-A,8,Email,3,84.59
4,West,Diabetes-A,9,Field,1,61.94
4,West,Diabetes-A,10,Field,1,58.46
4,West,Diabetes-A,11,Webinar,2,93.58
4,West,Diabetes-A,12,Webinar,2,58.58
5,North,Oncology-A,1,Email,4,150.7
5,North,Oncology-A,2,Email,0,76.55
5,North,Oncology-A,3,Email,6,190.17
5,North,Oncology-A,4,Webinar,0,56.06
5,North,Oncology-A,5,Webinar,2,97.05
5,North,Oncology-A,6,Email,3,84.34
5,North,Oncology-A,7,Field,1,71.86
5,North,Oncology-A,8,Field,1,70.0
5,North,Oncology-A,9,Field,2,92.61
5,North,Oncology-A,10,Webinar,1,103.15
5,North,Oncology-A,11,Email,1,86.33
5,North,Oncology-A,12,Field,1,105.09
6,South,Oncology-B,1,Webinar,2,77.47
6,South,Oncology-B,2,Email,1,57.04
6,South,Oncology-B,3,Field,3,74.66
6,South,Oncology-B,4,Field,1,78.48
6,South,Oncology-B,5,Webinar,0,52.83
6,South,Oncology-B,6,Webinar,6,143.17
6,South,Oncology-B,7,Webinar,3,102.87
6,South,Oncology-B,8,Email,1,67.67
6,South,Oncology-B,9,Email,2,69.26
6,South,Oncology-B,10,Email,2,109.97
6,South,Oncology-B,11,Webinar,3,106.45
6,South,Oncology-B,12,Webinar,4,138.21
7,East,Immunology-A,1,Webinar,1,108.89
7,East,Immunology-A,2,Email,1,50.82
7,East,Immunology-A,3,Field,2,152.9
7,East,Immunology-A,4,Webinar,4,127.34
7,East,Immunology-A,5,Field,1,112.34
7,East,Immunology-A,6,Email,5,110.54
7,East,Immunology-A,7,Webinar,1,127.02
7,East,Immunology-A,8,Field,4,156.94
7,East,Immunology-A,9,Email,3,122.31
7,East,Immunology-A,10,Field,2,111.99
7,East,Immunology-A,11,Email,5,183.54
7,East,Immunology-A,12,Webinar,2,166.31
8,West,Diabetes-A,1,Field,2,81.03
8,West,Diabetes-A,2,Email,2,125.08
8,West,Diabetes-A,3,Email,3,133.45
8,West,Diabetes-A,4,Webinar,2,117.55
8,West,Diabetes-A,5,Webinar,0,91.34
8,West,Diabetes-A,6,Webinar,2,119.01
8,West,Diabetes-A,7,Webinar,2,111.15
8,West,Diabetes-A,8,Field,0,35.26
8,West,Diabetes-A,9,Webinar,4,142.97
8,West,Diabetes-A,10,Webinar,3,112.85
8,West,Diabetes-A,11,Webinar,0,111.93
8,West,Diabetes-A,12,Email,3,95.08
9,North,Oncology-A,1,Field,3,118.31
9,North,Oncology-A,2,Email,2,66.32
9,North,Oncology-A,3,Email,3,94.71
9,North,Oncology-A,4,Webinar,1,96.46
9,North,Oncology-A,5,Field,2,116.31
9,North,Oncology-A,6,Email,2,90.16
9,North,Oncology-A,7,Webinar,1,67.45
9,North,Oncology-A,8,Field,1,78.77
9,North,Oncology-A,9,Webinar,3,47.62
9,North,Oncology-A,10,Field,1,63.11
9,North,Oncology-A,11,Field,1,79.13
9,North,Oncology-A,12,Email,4,108.96
10,South,Oncology-B,1,Webinar,2,142.95
10,South,Oncology-B,2,Webinar,4,155.38
10,South,Oncology-B,3,Field,2,174.8
10,South,Oncology-B,4,Field,0,104.51
10,South,Oncology-B,5,Webinar,1,76.88
10,South,Oncology-B,6,Field,1,79.89
10,South,Oncology-B,7,Field,2,110.1
10,South,Oncology-B,8,Email,4,188.29
10,South,Oncology-B,9,Webinar,4,185.28
10,South,Oncology-B,10,Field,1,152.11
10,South,Oncology-B,11,Email,4,165.6
10,South,Oncology-B,12,Email,1,125.95
11,East,Immunology-A,1,Field,1,128.46
11,East,Immunology-A,2,Webinar,1,96.68
11,East,Immunology-A,3,Field,3,132.5
11,East,Immunology-A,4,Field,4,145.94
11,East,Immunology-A,5,Email,3,197.03
11,East,Immunology-A,6,Webinar,5,159.93
11,East,Immunology-A,7,Field,3,171.64
11,East,Immunology-A,8,Email,0,75.83
11,East,Immunology-A,9,Email,3,152.7
11,East,Immunology-A,10,Field,4,164.84
11,East,Immunology-A,11,Email,5,152.74
11,East,Immunology-A,12,Webinar,5,227.68
12,West,Diabetes-A,1,Field,0,117.03
12,West,Diabetes-A,2,Field,4,185.18
12,West,Diabetes-A,3,Field,1,129.71
12,West,Diabetes-A,4,Email,2,114.48
12,West,Diabetes-A,5,Email,0,126.51
12,West,Diabetes-A,6,Field,6,220.27
12,West,Diabetes-A,7,Webinar,2,141.13
12,West,Diabetes-A,8,Email,0,107.29
12,West,Diabetes-A,9,Email,4,256.36
12,West,Diabetes-A,10,Email,2,149.47
12,West,Diabetes-A,11,Webinar,2,119.26
12,West,Diabetes-A,12,Email,4,189.07
13,North,Oncology-A,1,Email,4,287.76
13,North,Oncology-A,2,Field,0,195.75
13,North,Oncology-A,3,Field,1,203.5
13,North,Oncology-A,4,Email,3,205.5
13,North,Oncology-A,5,Email,2,222.12
13,North,Oncology-A,6,Field,5,238.14
13,North,Oncology-A,7,Email,1,201.69
13,North,Oncology-A,8,Webinar,4,277.36
13,North,Oncology-A,9,Field,5,308.52
13,North,Oncology-A,10,Email,4,189.77
13,North,Oncology-A,11,Field,0,123.06
13,North,Oncology-A,12,Field,1,176.19
14,South,Oncology-B,1,Webinar,0,85.86
14,South,Oncology-B,2,Field,0,69.88
14,South,Oncology-B,3,Email,2,139.47
14,South,Oncology-B,4,Email,0,104.82
14,South,Oncology-B,5,Field,1,81.88
14,South,Oncology-B,6,Email,3,115.72
14,South,Oncology-B,7,Email,1,67.86
14,South,Oncology-B,8,Field,2,149.46
14,South,Oncology-B,9,Email,1,116.48
14,South,Oncology-B,10,Email,1,100.59
14,South,Oncology-B,11,Webinar,1,125.46
14,South,Oncology-B,12,Field,1,56.1
15,East,Immunology-A,1,Field,2,158.77
15,East,Immunology-A,2,Webinar,1,66.5
15,East,Immunology-A,3,Webinar,3,169.46
15,East,Immunology-A,4,Email,2,122.82
15,East,Immunology-A,5,Email,1,107.33
15,East,Immunology-A,6,Email,1,97.35
15,East,Immunology-A,7,Webinar,1,56.83
15,East,Immunology-A,8,Field,4,150.13
15,East,Immunology-A,9,Field,2,115.34
15,East,Immunology-A,10,Field,1,93.84
15,East,Immunology-A,11,Email,2,107.94
15,East,Immunology-A,12,Webinar,3,106.18
16,West,Diabetes-A,1,Field,2,164.2
16,West,Diabetes-A,2,Email,3,157.34
16,West,Diabetes-A,3,Webinar,6,197.67
16,West,Diabetes-A,4,Email,3,156.51
16,West,Diabetes-A,5,Email,2,118.69
16,West,Diabetes-A,6,Webinar,4,113.81
16,West,Diabetes-A,7,Field,3,88.9
16,West,Diabetes-A,8,Webinar,2,121.23
16,West,Diabetes-A,9,Field,3,201.66
16,West,Diabetes-A,10,Field,0,149.35
16,West,Diabetes-A,11,Email,3,228.19
16,West,Diabetes-A,12,Field,4,161.48
17,North,Oncology-A,1,Field,1,87.83
17,North,Oncology-A,2,Field,2,59.15
17,North,Oncology-A,3,Webinar,4,114.03
17,North,Oncology-A,4,Field,1,84.18
17,North,Oncology-A,5,Field,4,125.68
17,North,Oncology-A,6,Field,7,192.43
17,North,Oncology-A,7,Webinar,2,67.38
17,North,Oncology-A,8,Webinar,1,71.17
17,North,Oncology-A,9,Email,3,118.18
17,North,Oncology-A,10,Webinar,2,84.52
17,North,Oncology-A,11,Field,2,63.28
17,North,Oncology-A,12,Webinar,3,116.13
18,South,Oncology-B,1,Webinar,4,97.63
18,South,Oncology-B,2,Field,2,101.36
18,South,Oncology-B,3,Email,3,120.84
18,South,Oncology-B,4,Email,0,72.8
18,South,Oncology-B,5,Email,3,97.88
18,South,Oncology-B,6,Email,2,130.3
18,South,Oncology-B,7,Webinar,3,117.75
18,South,Oncology-B,8,Email,3,83.56
18,South,Oncology-B,9,Email,3,160.91
18,South,Oncology-B,10,Field,4,154.92
18,South,Oncology-B,11,Email,2,102.25
18,South,Oncology-B,12,Webinar,1,113.76
19,East,Immunology-A,1,Email,3,113.81
19,East,Immunology-A,2,Webinar,4,109.93
19,East,Immunology-A,3,Webinar,3,94.47
19,East,Immunology-A,4,Email,4,141.18
19,East,Immunology-A,5,Webinar,2,87.37
19,East,Immunology-A,6,Email,4,85.96
19,East,Immunology-A,7,Webinar,2,84.95
19,East,Immunology-A,8,Field,2,44.32
19,East,Immunology-A,9,Webinar,3,60.67
19,East,Immunology-A,10,Field,0,32.35
19,East,Immunology-A,11,Field,1,65.1
19,East,Immunology-A,12,Webinar,2,15.5
20,West,Diabetes-A,1,Webinar,2,233.04
20,West,Diabetes-A,2,Webinar,1,196.77
20,West,Diabetes-A,3,Webinar,6,317.44
20,West,Diabetes-A,4,Email,2,214.53
20,West,Diabetes-A,5,Webinar,7,321.72
20,West,Diabetes-A,6,Field,2,246.09
20,West,Diabetes-A,7,Email,1,238.28
20,West,Diabetes-A,8,Webinar,1,183.17
20,West,Diabetes-A,9,Webinar,3,218.11
20,West,Diabetes-A,10,Webinar,2,233.64
20,West,Diabetes-A,11,Webinar,4,274.79
20,West,Diabetes-A,12,Field,4,232.38
21,North,Oncology-A,1,Field,3,143.79
21,North,Oncology-A,2,Webinar,0,64.5
21,North,Oncology-A,3,Field,4,144.13
21,North,Oncology-A,4,Field,4,152.14
21,North,Oncology-A,5,Email,4,152.48
21,North,Oncology-A,6,Webinar,2,63.42
21,North,Oncology-A,7,Field,0,40.39
21,North,Oncology-A,8,Field,1,70.38
21,North,Oncology-A,9,Field,3,90.78
21,North,Oncology-A,10,Webinar,2,84.01
21,North,Oncology-A,11,Email,3,149.1
21,North,Oncology-A,12,Webinar,2,74.56
22,South,Oncology-B,1,Email,0,113.81
22,South,Oncology-B,2,Field,3,135.3
22,South,Oncology-B,3,Email,5,148.66
22,South,Oncology-B,4,Field,3,127.81
22,South,Oncology-B,5,Email,2,95.6
22,South,Oncology-B,6,Field,2,106.39
22,South,Oncology-B,7,Field,4,134.32
22,South,Oncology-B,8,Email,2,124.07
22,South,Oncology-B,9,Webinar,3,138.81
22,South,Oncology-B,10,Field,3,197.68
22,South,Oncology-B,11,Field,1,150.46
22,South,Oncology-B,12,Webinar,1,73.27
23,East,Immunology-A,1,Email,0,46.3
23,East,Immunology-A,2,Webinar,1,138.2
23,East,Immunology-A,3,Webinar,3,99.32
23,East,Immunology-A,4,Webinar,0,28.71
23,East,Immunology-A,5,Email,0,33.27
23,East,Immunology-A,6,Email,6,184.26
23,East,Immunology-A,7,Webinar,4,105.55
23,East,Immunology-A,8,Webinar,3,97.35
23,East,Immunology-A,9,Email,1,96.61
23,East,Immunology-A,10,Field,0,102.08
23,East,Immunology-A,11,Email,2,100.86
23,East,Immunology-A,12,Email,4,159.34
24,West,Diabetes-A,1,Webinar,2,145.83
24,West,Diabetes-A,2,Email,0,98.74
24,West,Diabetes-A,3,Webinar,3,163.55
24,West,Diabetes-A,4,Email,3,179.63
24,West,Diabetes-A,5,Email,0,101.42
24,West,Diabetes-A,6,Webinar,3,149.8
24,West,Diabetes-A,7,Email,2,92.53
24,West,Diabetes-A,8,Webinar,2,153.05
24,West,Diabetes-A,9,Webinar,3,169.03
24,West,Diabetes-A,10,Email,1,75.56
24,West,Diabetes-A,11,Webinar,4,184.13
24,West,Diabetes-A,12,Email,2,162.15
25,North,Oncology-A,1,Field,3,140.35
25,North,Oncology-A,2,Email,3,208.76
25,North,Oncology-A,3,Webinar,1,89.72
25,North,Oncology-A,4,Email,1,112.83
25,North,Oncology-A,5,Email,2,152.17
25,North,Oncology-A,6,Email,2,163.4
25,North,Oncology-A,7,Email,1,133.6
25,North,Oncology-A,8,Webinar,2,161.3
25,North,Oncology-A,9,Email,4,167.68
25,North,Oncology-A,10,Field,2,133.54
25,North,Oncology-A,11,Field,2,119.55
25,North,Oncology-A,12,Webinar,1,144.9
26,South,Oncology-B,1,Webinar,3,178.69
26,South,Oncology-B,2,Email,2,147.2
26,South,Oncology-B,3,Webinar,2,161.77
26,South,Oncology-B,4,Webinar,4,182.89
26,South,Oncology-B,5,Email,5,187.66
26,South,Oncology-B,6,Email,3,128.61
26,South,Oncology-B,7,Field,4,134.0
26,South,Oncology-B,8,Field,2,159.17
26,South,Oncology-B,9,Email,3,143.49
26,South,Oncology-B,10,Field,1,133.18
26,South,Oncology-B,11,Email,2,193.52
26,South,Oncology-B,12,Webinar,4,229.51
27,East,Immunology-A,1,Email,3,196.85
27,East,Immunology-A,2,Field,2,197.69
27,East,Immunology-A,3,Webinar,3,151.43
27,East,Immunology-A,4,Field,2,107.43
27,East,Immunology-A,5,Webinar,2,139.55
27,East,Immunology-A,6,Field,3,257.46
27,East,Immunology-A,7,Webinar,3,189.69
27,East,Immunology-A,8,Webinar,4,254.95
27,East,Immunology-A,9,Email,5,229.32
27,East,Immunology-A,10,Webinar,2,130.13
27,East,Immunology-A,11,Email,0,137.98
27,East,Immunology-A,12,Field,4,180.89
28,West,Diabetes-A,1,Field,3,77.85
28,West,Diabetes-A,2,Webinar,2,77.56
28,West,Diabetes-A,3,Webinar,2,46.3
28,West,Diabetes-A,4,Email,0,9.49
28,West,Diabetes-A,5,Email,5,135.35
28,West,Diabetes-A,6,Email,3,90.01
28,West,Diabetes-A,7,Email,1,68.79
28,West,Diabetes-A,8,Field,1,20.03
28,West,Diabetes-A,9,Email,7,158.38
28,West,Diabetes-A,10,Webinar,2,68.83
28,West,Diabetes-A,11,Email,2,97.63
28,West,Diabetes-A,12,Email,2,49.1
29,North,Oncology-A,1,Webinar,4,306.86
29,North,Oncology-A,2,Field,3,271.65
29,North,Oncology-A,3,Email,2,227.62
29,North,Oncology-A,4,Webinar,2,256.05
29,North,Oncology-A,5,Field,3,233.09
29,North,Oncology-A,6,Webinar,2,207.67
29,North,Oncology-A,7,Webinar,1,219.39
29,North,Oncology-A,8,Email,4,273.5
29,North,Oncology-A,9,Field,3,257.94
29,North,Oncology-A,10,Field,1,222.78
29,North,Oncology-A,11,Field,2,232.37
29,North,Oncology-A,12,Field,6,323.78
30,South,Oncology-B,1,Email,2,126.14
30,South,Oncology-B,2,Email,1,156.38
30,South,Oncology-B,3,Field,5,224.65
30,South,Oncology-B,4,Field,2,124.26
30,South,Oncology-B,5,Field,1,151.85
30,South,Oncology-B,6,Field,4,146.07
30,South,Oncology-B,7,Webinar,1,113.18
30,South,Oncology-B,8,Webinar,2,168.76
30,South,Oncology-B,9,Field,6,180.33
30,South,Oncology-B,10,Webinar,0,88.38
30,South,Oncology-B,11,Webinar,3,167.02
30,South,Oncology-B,12,Webinar,3,173.77
31,East,Immunology-A,1,Field,6,173.08
31,East,Immunology-A,2,Webinar,2,94.02
31,East,Immunology-A,3,Field,4,114.11
31,East,Immunology-A,4,Webinar,3,91.97
31,East,Immunology-A,5,Email,3,116.03
31,East,Immunology-A,6,Email,1,89.95
31,East,Immunology-A,7,Email,1,89.6
31,East,Immunology-A,8,Webinar,3,139.74
31,East,Immunology-A,9,Email,3,101.29
31,East,Immunology-A,10,Field,4,143.15
31,East,Immunology-A,11,Field,1,85.96
31,East,Immunology-A,12,Webinar,3,104.17
32,West,Diabetes-A,1,Field,1,286.41
32,West,Diabetes-A,2,Field,0,225.66
32,West,Diabetes-A,3,Field,2,254.72
32,West,Diabetes-A,4,Field,5,296.18
32,West,Diabetes-A,5,Field,2,257.74
32,West,Diabetes-A,6,Field,2,315.16
32,West,Diabetes-A,7,Webinar,4,294.94
32,West,Diabetes-A,8,Webinar,3,275.09
32,West,Diabetes-A,9,Email,3,263.46
32,West,Diabetes-A,10,Email,0,205.83
32,West,Diabetes-A,11,Webinar,2,267.62
32,West,Diabetes-A,12,Email,1,274.28
33,North,Oncology-A,1,Field,2,130.11
33,North,Oncology-A,2,Webinar,4,163.46
33,North,Oncology-A,3,Email,2,94.59
33,North,Oncology-A,4,Email,4,199.04
33,North,Oncology-A,5,Email,1,144.34
33,North,Oncology-A,6,Field,3,172.32
33,North,Oncology-A,7,Email,2,166.56
33,North,Oncology-A,8,Email,3,185.42
33,North,Oncology-A,9,Webinar,5,209.32
33,North,Oncology-A,10,Field,4,191.98
33,North,Oncology-A,11,Webinar,3,190.34
33,North,Oncology-A,12,Webinar,6,199.57
34,South,Oncology-B,1,Webinar,2,132.39
34,South,Oncology-B,2,Webinar,1,158.88
34,South,Oncology-B,3,Field,3,151.95
34,South,Oncology-B,4,Webinar,0,135.44
34,South,Oncology-B,5,Webinar,1,153.71
34,South,Oncology-B,6,Field,1,126.61
34,South,Oncology-B,7,Field,0,135.74
34,South,Oncology-B,8,Webinar,2,190.22
34,South,Oncology-B,9,Email,3,189.87
34,South,Oncology-B,10,Field,1,165.7
34,South,Oncology-B,11,Email,4,236.13
34,South,Oncology-B,12,Field,2,180.03
35,East,Immunology-A,1,Field,0,114.01
35,East,Immunology-A,2,Email,4,152.76
35,East,Immunology-A,3,Webinar,3,115.57
35,East,Immunology-A,4,Field,1,98.45
35,East,Immunology-A,5,Field,3,132.32
35,East,Immunology-A,6,Webinar,1,122.03
35,East,Immunology-A,7,Field,4,209.1
35,East,Immunology-A,8,Webinar,3,117.69
35,East,Immunology-A,9,Webinar,1,70.31
35,East,Immunology-A,10,Webinar,2,121.77
35,East,Immunology-A,11,Email,2,126.25
35,East,Immunology-A,12,Field,4,178.51
36,West,Diabetes-A,1,Email,3,161.52
36,West,Diabetes-A,2,Webinar,0,98.21
36,West,Diabetes-A,3,Email,2,154.42
36,West,Diabetes-A,4,Email,1,118.66
36,West,Diabetes-A,5,Field,4,200.12
36,West,Diabetes-A,6,Field,2,154.11
36,West,Diabetes-A,7,Email,1,132.79
36,West,Diabetes-A,8,Field,2,152.34
36,West,Diabetes-A,9,Webinar,1,101.5
36,West,Diabetes-A,10,Email,1,140.44
36,West,Diabetes-A,11,Field,1,128.0
36,West,Diabetes-A,12,Email,3,163.76
37,North,Oncology-A,1,Field,1,129.26
37,North,Oncology-A,2,Webinar,0,114.75
37,North,Oncology-A,3,Field,4,224.98
37,North,Oncology-A,4,Webinar,0,73.98
37,North,Oncology-A,5,Webinar,1,136.69
37,North,Oncology-A,6,Email,1,80.85
37,North,Oncology-A,7,Field,2,150.09
37,North,Oncology-A,8,Webinar,0,94.61
37,North,Oncology-A,9,Email,2,138.54
37,North,Oncology-A,10,Email,2,124.88
37,North,Oncology-A,11,Email,2,131.76
37,North,Oncology-A,12,Webinar,3,161.11
38,South,Oncology-B,1,Email,2,74.28
38,South,Oncology-B,2,Webinar,1,96.82
38,South,Oncology-B,3,Field,4,112.47
38,South,Oncology-B,4,Field,1,25.29
38,South,Oncology-B,5,Webinar,0,40.07
38,South,Oncology-B,6,Field,7,170.73
38,South,Oncology-B,7,Email,2,66.1
38,South,Oncology-B,8,Email,2,31.74
38,South,Oncology-B,9,Webinar,2,52.57
38,South,Oncology-B,10,Field,1,57.26
38,South,Oncology-B,11,Field,1,65.59
38,South,Oncology-B,12,Field,5,116.21
39,East,Immunology-A,1,Field,6,168.13
39,East,Immunology-A,2,Webinar,2,116.49
39,East,Immunology-A,3,Webinar,1,103.53
39,East,Immunology-A,4,Webinar,2,139.62
39,East,Immunology-A,5,Email,1,121.3
39,East,Immunology-A,6,Email,4,175.71
39,East,Immunology-A,7,Field,2,143.02
39,East,Immunology-A,8,Email,1,171.49
39,East,Immunology-A,9,Webinar,4,160.88
39,East,Immunology-A,10,Webinar,2,140.56
39,East,Immunology-A,11,Field,2,133.03
39,East,Immunology-A,12,Field,1,133.19
40,West,Diabetes-A,1,Email,2,111.62
40,West,Diabetes-A,2,Email,1,68.32
40,West,Diabetes-A,3,Field,3,155.15
40,West,Diabetes-A,4,Email,1,71.61
40,West,Diabetes-A,5,Webinar,5,124.48
40,West,Diabetes-A,6,Field,3,111.27
40,West,Diabetes-A,7,Email,1,96.5
40,West,Diabetes-A,8,Webinar,1,110.28
40,West,Diabetes-A,9,Webinar,4,105.7
40,West,Diabetes-A,10,Webinar,1,83.5
40,West,Diabetes-A,11,Webinar,2,88.23
40,West,Diabetes-A,12,Field,2,73.8
41,North,Oncology-A,1,Webinar,1,91.66
41,North,Oncology-A,2,Email,3,120.68
41,North,Oncology-A,3,Webinar,2,133.84
41,North,Oncology-A,4,Email,2,92.42
41,North,Oncology-A,5,Webinar,0,75.63
41,North,Oncology-A,6,Webinar,7,209.94
41,North,Oncology-A,7,Field,1,110.01
41,North,Oncology-A,8,Webinar,1,63.91
41,North,Oncology-A,9,Email,3,129.83
41,North,Oncology-A,10,Webinar,1,126.81
41,North,Oncology-A,11,Email,2,98.57
41,North,Oncology-A,12,Field,2,119.71
42,South,Oncology-B,1,Field,3,271.31
42,South,Oncology-B,2,Field,4,284.46
42,South,Oncology-B,3,Field,2,260.22
42,South,Oncology-B,4,Field,3,235.75
42,South,Oncology-B,5,Field,1,150.41
42,South,Oncology-B,6,Field,2,231.34
42,South,Oncology-B,7,Field,2,251.93
42,South,Oncology-B,8,Webinar,3,280.28
42,South,Oncology-B,9,Field,1,255.55
42,South,Oncology-B,10,Field,3,327.32
42,South,Oncology-B,11,Field,1,214.75
42,South,Oncology-B,12,Field,3,272.24
43,East,Immunology-A,1,Email,2,190.65
43,East,Immunology-A,2,Webinar,4,229.8
43,East,Immunology-A,3,Email,3,230.18
43,East,Immunology-A,4,Field,1,185.59
43,East,Immunology-A,5,Email,2,161.12
43,East,Immunology-A,6,Webinar,2,182.83
43,East,Immunology-A,7,Field,0,223.86
43,East,Immunology-A,8,Webinar,0,173.91
43,East,Immunology-A,9,Webinar,1,160.92
43,East,Immunology-A,10,Email,1,185.96
43,East,Immunology-A,11,Email,2,202.41
43,East,Immunology-A,12,Field,6,266.42
44,West,Diabetes-A,1,Email,5,179.9
44,West,Diabetes-A,2,Field,1,106.63
44,West,Diabetes-A,3,Field,1,84.04
44,West,Diabetes-A,4,Field,0,60.04
44,West,Diabetes-A,5,Field,1,87.98
44,West,Diabetes-A,6,Webinar,5,169.01
44,West,Diabetes-A,7,Email,4,151.56
44,West,Diabetes-A,8,Webinar,1,57.73
44,West,Diabetes-A,9,Email,2,81.81
44,West,Diabetes-A,10,Email,5,166.31
44,West,Diabetes-A,11,Field,1,78.05
44,West,Diabetes-A,12,Field,3,162.3
45,North,Oncology-A,1,Webinar,3,73.89
45,North,Oncology-A,2,Email,3,134.59
45,North,Oncology-A,3,Webinar,2,113.64
45,North,Oncology-A,4,Webinar,1,121.75
45,North,Oncology-A,5,Webinar,4,125.49
45,North,Oncology-A,6,Email,2,110.82
45,North,Oncology-A,7,Webinar,3,197.16
45,North,Oncology-A,8,Webinar,0,66.61
45,North,Oncology-A,9,Email,4,129.38
45,North,Oncology-A,10,Webinar,3,86.01
45,North,Oncology-A,11,Webinar,0,45.24
45,North,Oncology-A,12,Field,2,103.5
46,South,Oncology-B,1,Field,2,73.47
46,South,Oncology-B,2,Webinar,6,142.3
46,South,Oncology-B,3,Webinar,5,133.98
46,South,Oncology-B,4,Email,2,83.04
46,South,Oncology-B,5,Email,2,58.25
46,South,Oncology-B,6,Field,5,169.09
46,South,Oncology-B,7,Field,0,73.51
46,South,Oncology-B,8,Field,0,78.74
46,South,Oncology-B,9,Email,5,173.97
46,South,Oncology-B,10,Field,2,69.63
46,South,Oncology-B,11,Webinar,5,144.89
46,South,Oncology-B,12,Field,1,21.29
47,East,Immunology-A,1,Email,0,55.89
47,East,Immunology-A,2,Email,1,60.39
47,East,Immunology-A,3,Webinar,4,79.2
47,East,Immunology-A,4,Field,0,51.2
47,East,Immunology-A,5,Webinar,4,88.66
47,East,Immunology-A,6,Webinar,2,21.46
47,East,Immunology-A,7,Field,4,98.33
47,East,Immunology-A,8,Webinar,1,82.71
47,East,Immunology-A,9,Webinar,6,141.87
47,East,Immunology-A,10,Email,2,121.66
47,East,Immunology-A,11,Email,0,33.41
47,East,Immunology-A,12,Email,4,132.49
48,West,Diabetes-A,1,Webinar,4,214.41
48,West,Diabetes-A,2,Webinar,6,194.59
48,West,Diabetes-A,3,Webinar,4,214.44
48,West,Diabetes-A,4,Field,2,127.72
48,West,Diabetes-A,5,Webinar,2,101.46
48,West,Diabetes-A,6,Email,3,114.74
48,West,Diabetes-A,7,Webinar,3,144.05
48,West,Diabetes-A,8,Webinar,2,129.36
48,West,Diabetes-A,9,Webinar,3,160.1
48,West,Diabetes-A,10,Webinar,6,245.35
48,West,Diabetes-A,11,Webinar,0,123.77
48,West,Diabetes-A,12,Email,4,155.24
49,North,Oncology-A,1,Email,1,217.43
49,North,Oncology-A,2,Email,1,161.67
49,North,Oncology-A,3,Email,3,200.32
49,North,Oncology-A,4,Webinar,3,176.11
49,North,Oncology-A,5,Webinar,1,160.58
49,North,Oncology-A,6,Webinar,3,177.22
49,North,Oncology-A,7,Email,2,169.62
49,North,Oncology-A,8,Email,3,204.96
49,North,Oncology-A,9,Webinar,2,158.36
49,North,Oncology-A,10,Email,1,113.7
49,North,Oncology-A,11,Webinar,0,91.87
49,North,Oncology-A,12,Field,2,181.03
50,South,Oncology-B,1,Email,5,315.83
50,South,Oncology-B,2,Field,5,299.11
50,South,Oncology-B,3,Field,2,219.44
50,South,Oncology-B,4,Webinar,2,244.99
50,South,Oncology-B,5,Webinar,0,209.34
50,South,Oncology-B,6,Field,2,252.43
50,South,Oncology-B,7,Email,3,227.33
50,South,Oncology-B,8,Webinar,5,271.33
50,South,Oncology-B,9,Email,4,256.15
50,South,Oncology-B,10,Email,1,251.94
50,South,Oncology-B,11,Field,1,248.69
50,South,Oncology-B,12,Field,1,220.1
51,East,Immunology-A,1,Webinar,3,164.85
51,East,Immunology-A,2,Webinar,4,143.7
51,East,Immunology-A,3,Email,3,167.25
51,East,Immunology-A,4,Email,3,208.92
51,East,Immunology-A,5,Field,0,107.69
51,East,Immunology-A,6,Webinar,2,108.53
51,East,Immunology-A,7,Field,2,132.32
51,East,Immunology-A,8,Webinar,2,162.04
51,East,Immunology-A,9,Webinar,6,190.62
51,East,Immunology-A,10,Email,1,100.56
51,East,Immunology-A,11,Webinar,0,64.51
51,East,Immunology-A,12,Email,2,168.21
52,West,Diabetes-A,1,Webinar,1,60.22
52,West,Diabetes-A,2,Field,2,80.95
52,West,Diabetes-A,3,Field,1,95.15
52,West,Diabetes-A,4,Email,1,76.8
52,West,Diabetes-A,5,Webinar,1,66.42
52,West,Diabetes-A,6,Field,5,172.85
52,West,Diabetes-A,7,Email,1,66.64
52,West,Diabetes-A,8,Email,3,101.13
52,West,Diabetes-A,9,Email,2,70.71
52,West,Diabetes-A,10,Webinar,1,53.81
52,West,Diabetes-A,11,Webinar,2,121.54
52,West,Diabetes-A,12,Field,1,55.78
53,North,Oncology-A,1,Email,1,72.58
53,North,Oncology-A,2,Field,3,120.87
53,North,Oncology-A,3,Webinar,2,141.61
53,North,Oncology-A,4,Webinar,2,79.92
53,North,Oncology-A,5,Field,0,65.25
53,North,Oncology-A,6,Webinar,3,152.94
53,North,Oncology-A,7,Field,4,173.84
53,North,Oncology-A,8,Webinar,3,142.95
53,North,Oncology-A,9,Webinar,5,183.27
53,North,Oncology-A,10,Email,2,92.14
53,North,Oncology-A,11,Field,1,117.33
53,North,Oncology-A,12,Email,6,199.27
54,South,Oncology-B,1,Webinar,0,140.75
54,South,Oncology-B,2,Email,1,94.92
54,South,Oncology-B,3,Email,2,114.07
54,South,Oncology-B,4,Webinar,2,97.21
54,South,Oncology-B,5,Webinar,2,157.38
54,South,Oncology-B,6,Field,3,191.51
54,South,Oncology-B,7,Field,2,138.59
54,South,Oncology-B,8,Field,4,192.12
54,South,Oncology-B,9,Email,2,123.61
54,South,Oncology-B,10,Field,3,158.82
54,South,Oncology-B,11,Email,3,130.57
54,South,Oncology-B,12,Webinar,2,166.22
55,East,Immunology-A,1,Field,0,157.59
55,East,Immunology-A,2,Field,3,193.32
55,East,Immunology-A,3,Email,4,219.03
55,East,Immunology-A,4,Field,4,270.57
55,East,Immunology-A,5,Field,2,193.45
55,East,Immunology-A,6,Field,3,182.67
55,East,Immunology-A,7,Email,2,205.12
55,East,Immunology-A,8,Webinar,4,250.43
55,East,Immunology-A,9,Field,2,186.09
55,East,Immunology-A,10,Field,3,197.15
55,East,Immunology-A,11,Field,7,280.66
55,East,Immunology-A,12,Field,2,213.32
56,West,Diabetes-A,1,Webinar,3,167.85
56,West,Diabetes-A,2,Email,2,101.69
56,West,Diabetes-A,3,Webinar,4,163.58
56,West,Diabetes-A,4,Webinar,1,117.63
56,West,Diabetes-A,5,Webinar,2,99.97
56,West,Diabetes-A,6,Field,1,100.28
56,West,Diabetes-A,7,Webinar,3,170.02
56,West,Diabetes-A,8,Field,2,122.31
56,West,Diabetes-A,9,Email,2,174.48
56,West,Diabetes-A,10,Field,0,115.04
56,West,Diabetes-A,11,Email,4,115.43
56,West,Diabetes-A,12,Field,2,117.9
57,North,Oncology-A,1,Webinar,0,63.97
57,North,Oncology-A,2,Webinar,2,105.72
57,North,Oncology-A,3,Field,3,152.14
57,North,Oncology-A,4,Field,6,180.01
57,North,Oncology-A,5,Field,1,89.44
57,North,Oncology-A,6,Email,2,61.16
57,North,Oncology-A,7,Webinar,0,85.88
57,North,Oncology-A,8,Field,1,89.2
57,North,Oncology-A,9,Field,2,57.26
57,North,Oncology-A,10,Email,3,105.55
57,North,Oncology-A,11,Field,7,165.32
57,North,Oncology-A,12,Field,1,102.13
58,South,Oncology-B,1,Webinar,1,172.67
58,South,Oncology-B,2,Webinar,0,180.86
58,South,Oncology-B,3,Email,2,207.64
58,South,Oncology-B,4,Webinar,1,199.25
58,South,Oncology-B,5,Field,1,184.28
58,South,Oncology-B,6,Email,2,203.9
58,South,Oncology-B,7,Email,0,173.19
58,South,Oncology-B,8,Field,2,201.36
58,South,Oncology-B,9,Webinar,5,281.7
58,South,Oncology-B,10,Email,5,280.16
58,South,Oncology-B,11,Field,0,144.03
58,South,Oncology-B,12,Webinar,3,194.29
59,East,Immunology-A,1,Email,2,115.01
59,East,Immunology-A,2,Field,1,128.32
59,East,Immunology-A,3,Email,6,212.47
59,East,Immunology-A,4,Email,0,68.29
59,East,Immunology-A,5,Field,0,109.38
59,East,Immunology-A,6,Field,2,118.32
59,East,Immunology-A,7,Field,1,113.52
59,East,Immunology-A,8,Email,3,166.53
59,East,Immunology-A,9,Field,4,132.99
59,East,Immunology-A,10,Webinar,3,94.54
59,East,Immunology-A,11,Email,0,49.97
59,East,Immunology-A,12,Email,5,189.59
60,West,Diabetes-A,1,Webinar,0,91.08
60,West,Diabetes-A,2,Field,4,168.27
60,West,Diabetes-A,3,Field,3,136.36
60,West,Diabetes-A,4,Webinar,0,68.44
60,West,Diabetes-A,5,Email,1,105.31
60,West,Diabetes-A,6,Email,3,126.36
60,West,Diabetes-A,7,Webinar,1,94.8
60,West,Diabetes-A,8,Email,4,108.7
60,West,Diabetes-A,9,Field,1,56.87
60,West,Diabetes-A,10,Field,2,146.84
60,West,Diabetes-A,11,Field,2,93.65
60,West,Diabetes-A,12,Email,2,94.91
61,North,Oncology-A,1,Webinar,2,127.78
61,North,Oncology-A,2,Webinar,2,130.48
61,North,Oncology-A,3,Field,3,154.62
61,North,Oncology-A,4,Webinar,1,73.5
61,North,Oncology-A,5,Webinar,3,161.91
61,North,Oncology-A,6,Field,2,106.97
61,North,Oncology-A,7,Webinar,1,90.89
61,North,Oncology-A,8,Field,1,128.47
61,North,Oncology-A,9,Webinar,6,141.58
61,North,Oncology-A,10,Email,1,91.69
61,North,Oncology-A,11,Email,0,53.75
61,North,Oncology-A,12,Field,3,183.91
62,South,Oncology-B,1,Email,2,147.09
62,South,Oncology-B,2,Email,6,273.51
62,South,Oncology-B,3,Email,3,131.54
62,South,Oncology-B,4,Field,1,171.16
62,South,Oncology-B,5,Field,2,180.14
62,South,Oncology-B,6,Webinar,4,205.81
62,South,Oncology-B,7,Field,0,134.04
62,South,Oncology-B,8,Webinar,2,178.14
62,South,Oncology-B,9,Email,3,187.43
62,South,Oncology-B,10,Field,3,151.85
62,South,Oncology-B,11,Email,2,147.42
62,South,Oncology-B,12,Email,6,268.31
63,East,Immunology-A,1,Email,4,198.92
63,East,Immunology-A,2,Email,0,110.68
63,East,Immunology-A,3,Email,2,173.91
63,East,Immunology-A,4,Webinar,3,250.27
63,East,Immunology-A,5,Email,0,192.17
63,East,Immunology-A,6,Email,5,302.49
63,East,Immunology-A,7,Field,6,283.06
63,East,Immunology-A,8,Email,2,202.72
63,East,Immunology-A,9,Webinar,3,209.02
63,East,Immunology-A,10,Field,1,189.61
63,East,Immunology-A,11,Email,1,201.59
63,East,Immunology-A,12,Webinar,2,207.47
64,West,Diabetes-A,1,Field,2,113.38
64,West,Diabetes-A,2,Field,2,100.51
64,West,Diabetes-A,3,Field,4,197.67
64,West,Diabetes-A,4,Field,4,184.37
64,West,Diabetes-A,5,Webinar,3,185.94
64,West,Diabetes-A,6,Webinar,4,146.6
64,West,Diabetes-A,7,Field,2,146.86
64,West,Diabetes-A,8,Webinar,1,117.12
64,West,Diabetes-A,9,Field,6,215.38
64,West,Diabetes-A,10,Email,2,153.67
64,West,Diabetes-A,11,Field,0,138.8
64,West,Diabetes-A,12,Field,5,200.4
65,North,Oncology-A,1,Email,1,54.1
65,North,Oncology-A,2,Field,1,110.35
65,North,Oncology-A,3,Email,4,180.41
65,North,Oncology-A,4,Webinar,1,60.34
65,North,Oncology-A,5,Field,2,123.16
65,North,Oncology-A,6,Webinar,5,205.87
65,North,Oncology-A,7,Email,4,105.13
65,North,Oncology-A,8,Webinar,2,121.98
65,North,Oncology-A,9,Webinar,3,98.33
65,North,Oncology-A,10,Webinar,1,135.65
65,North,Oncology-A,11,Webinar,1,115.01
65,North,Oncology-A,12,Field,2,127.82
66,South,Oncology-B,1,Field,0,143.17
66,South,Oncology-B,2,Field,3,240.04
66,South,Oncology-B,3,Webinar,1,153.41
66,South,Oncology-B,4,Email,2,143.69
66,South,Oncology-B,5,Field,3,179.27
66,South,Oncology-B,6,Field,2,156.4
66,South,Oncology-B,7,Webinar,1,206.13
66,South,Oncology-B,8,Field,3,147.49
66,South,Oncology-B,9,Webinar,1,144.71
66,South,Oncology-B,10,Email,1,131.19
66,South,Oncology-B,11,Field,0,138.0
66,South,Oncology-B,12,Email,3,164.15
67,East,Immunology-A,1,Webinar,6,182.7
67,East,Immunology-A,2,Webinar,5,101.76
67,East,Immunology-A,3,Email,5,131.77
67,East,Immunology-A,4,Webinar,4,150.21
67,East,Immunology-A,5,Email,3,113.61
67,East,Immunology-A,6,Field,3,82.36
67,East,Immunology-A,7,Email,2,87.9
67,East,Immunology-A,8,Field,3,61.67
67,East,Immunology-A,9,Field,2,101.21
67,East,Immunology-A,10,Webinar,2,53.85
67,East,Immunology-A,11,Email,0,46.02
67,East,Immunology-A,12,Webinar,4,89.77
68,West,Diabetes-A,1,Webinar,3,179.62
68,West,Diabetes-A,2,Webinar,0,206.16
68,West,Diabetes-A,3,Webinar,3,197.42
68,West,Diabetes-A,4,Webinar,0,151.8
68,West,Diabetes-A,5,Field,2,212.62
68,West,Diabetes-A,6,Field,5,267.41
68,West,Diabetes-A,7,Field,0,159.57
68,West,Diabetes-A,8,Field,1,210.47
68,West,Diabetes-A,9,Webinar,6,287.8
68,West,Diabetes-A,10,Email,2,191.69
68,West,Diabetes-A,11,Email,5,247.26
68,West,Diabetes-A,12,Webinar,2,191.15
69,North,Oncology-A,1,Field,2,145.5
69,North,Oncology-A,2,Field,1,129.88
69,North,Oncology-A,3,Email,3,169.71
69,North,Oncology-A,4,Email,2,145.57
69,North,Oncology-A,5,Webinar,1,137.05
69,North,Oncology-A,6,Email,2,167.83
69,North,Oncology-A,7,Field,2,174.18
69,North,Oncology-A,8,Email,3,186.17
69,North,Oncology-A,9,Field,3,158.04
69,North,Oncology-A,10,Email,0,166.3
69,North,Oncology-A,11,Field,2,151.35
69,North,Oncology-A,12,Webinar,5,206.39
70,South,Oncology-B,1,Webinar,2,270.72
70,South,Oncology-B,2,Email,3,298.21
70,South,Oncology-B,3,Email,1,264.93
70,South,Oncology-B,4,Field,3,290.64
70,South,Oncology-B,5,Webinar,5,328.64
70,South,Oncology-B,6,Webinar,2,269.84
70,South,Oncology-B,7,Webinar,3,347.82
70,South,Oncology-B,8,Webinar,2,283.28
70,South,Oncology-B,9,Field,2,279.0
70,South,Oncology-B,10,Webinar,2,322.5
70,South,Oncology-B,11,Field,1,333.72
70,South,Oncology-B,12,Email,1,237.97
71,East,Immunology-A,1,Field,1,18.16
71,East,Immunology-A,2,Webinar,0,40.23
71,East,Immunology-A,3,Email,2,93.82
71,East,Immunology-A,4,Webinar,1,15.07
71,East,Immunology-A,5,Field,2,97.04
71,East,Immunology-A,6,Email,1,32.31
71,East,Immunology-A,7,Email,1,68.01
71,East,Immunology-A,8,Field,1,32.42
71,East,Immunology-A,9,Webinar,2,84.06
71,East,Immunology-A,10,Field,1,66.37
71,East,Immunology-A,11,Email,2,45.58
71,East,Immunology-A,12,Email,2,49.56
72,West,Diabetes-A,1,Webinar,4,94.87
72,West,Diabetes-A,2,Field,0,27.47
72,West,Diabetes-A,3,Email,3,77.51
72,West,Diabetes-A,4,Webinar,2,63.91
72,West,Diabetes-A,5,Email,1,62.64
72,West,Diabetes-A,6,Field,2,112.0
72,West,Diabetes-A,7,Email,0,77.57
72,West,Diabetes-A,8,Email,1,98.68
72,West,Diabetes-A,9,Email,3,133.81
72,West,Diabetes-A,10,Field,6,212.94
72,West,Diabetes-A,11,Field,2,121.5
72,West,Diabetes-A,12,Email,4,131.54
73,North,Oncology-A,1,Email,1,90.3
73,North,Oncology-A,2,Field,4,183.39
73,North,Oncology-A,3,Email,4,118.78
73,North,Oncology-A,4,Webinar,1,63.78
73,North,Oncology-A,5,Field,0,84.51
73,North,Oncology-A,6,Webinar,3,133.47
73,North,Oncology-A,7,Field,2,108.26
73,North,Oncology-A,8,Field,2,99.1
73,North,Oncology-A,9,Field,2,91.95
73,North,Oncology-A,10,Webinar,4,126.68
73,North,Oncology-A,11,Webinar,0,55.41
73,North,Oncology-A,12,Webinar,2,130.03
74,South,Oncology-B,1,Email,3,216.27
74,South,Oncology-B,2,Email,1,168.29
74,South,Oncology-B,3,Email,4,197.09
74,South,Oncology-B,4,Webinar,2,135.2
74,South,Oncology-B,5,Webinar,2,184.98
74,South,Oncology-B,6,Webinar,4,219.8
74,South,Oncology-B,7,Field,5,232.42
74,South,Oncology-B,8,Email,0,132.33
74,South,Oncology-B,9,Webinar,5,224.64
74,South,Oncology-B,10,Field,1,168.09
74,South,Oncology-B,11,Webinar,2,159.43
74,South,Oncology-B,12,Field,3,191.65
75,East,Immunology-A,1,Email,1,123.27
75,East,Immunology-A,2,Email,3,143.4
75,East,Immunology-A,3,Webinar,3,128.27
75,East,Immunology-A,4,Webinar,3,176.58
75,East,Immunology-A,5,Webinar,4,123.98
75,East,Immunology-A,6,Webinar,3,150.43
75,East,Immunology-A,7,Webinar,0,108.69
75,East,Immunology-A,8,Email,3,143.4
75,East,Immunology-A,9,Field,1,100.44
75,East,Immunology-A,10,Webinar,0,86.1
75,East,Immunology-A,11,Field,1,156.61
75,East,Immunology-A,12,Email,3,132.82
76,West,Diabetes-A,1,Email,2,90.06
76,West,Diabetes-A,2,Email,1,65.4
76,West,Diabetes-A,3,Field,2,140.65
76,West,Diabetes-A,4,Field,1,72.97
76,West,Diabetes-A,5,Webinar,1,88.62
76,West,Diabetes-A,6,Email,2,142.98
76,West,Diabetes-A,7,Email,1,86.75
76,West,Diabetes-A,8,Field,5,171.76
76,West,Diabetes-A,9,Webinar,4,153.81
76,West,Diabetes-A,10,Field,1,83.41
76,West,Diabetes-A,11,Webinar,2,75.11
76,West,Diabetes-A,12,Field,5,140.96
77,North,Oncology-A,1,Field,5,204.68
77,North,Oncology-A,2,Webinar,1,160.87
77,North,Oncology-A,3,Webinar,4,265.35
77,North,Oncology-A,4,Email,0,144.06
77,North,Oncology-A,5,Email,2,195.53
77,North,Oncology-A,6,Webinar,1,166.86
77,North,Oncology-A,7,Webinar,0,113.37
77,North,Oncology-A,8,Email,2,178.41
77,North,Oncology-A,9,Webinar,5,224.67
77,North,Oncology-A,10,Field,3,202.97
77,North,Oncology-A,11,Email,3,218.69
77,North,Oncology-A,12,Email,5,306.23
78,South,Oncology-B,1,Field,1,35.54
78,South,Oncology-B,2,Webinar,1,62.86
78,South,Oncology-B,3,Webinar,1,75.98
78,South,Oncology-B,4,Email,0,32.36
78,South,Oncology-B,5,Webinar,0,43.27
78,South,Oncology-B,6,Email,1,24.03
78,South,Oncology-B,7,Webinar,6,128.55
78,South,Oncology-B,8,Field,0,46.31
78,South,Oncology-B,9,Email,4,137.02
78,South,Oncology-B,10,Webinar,4,120.94
78,South,Oncology-B,11,Webinar,1,53.81
78,South,Oncology-B,12,Email,1,40.64
79,East,Immunology-A,1,Webinar,1,68.14
79,East,Immunology-A,2,Field,0,60.82
79,East,Immunology-A,3,Field,2,39.33
79,East,Immunology-A,4,Email,2,138.12
79,East,Immunology-A,5,Field,1,95.16
79,East,Immunology-A,6,Webinar,3,145.84
79,East,Immunology-A,7,Webinar,1,61.32
79,East,Immunology-A,8,Webinar,1,66.73
79,East,Immunology-A,9,Email,4,138.3
79,East,Immunology-A,10,Webinar,1,18.36
79,East,Immunology-A,11,Webinar,1,87.07
79,East,Immunology-A,12,Webinar,1,77.09
80,West,Diabetes-A,1,Field,1,92.91
80,West,Diabetes-A,2,Field,1,113.72
80,West,Diabetes-A,3,Webinar,2,133.61
80,West,Diabetes-A,4,Field,3,185.02
80,West,Diabetes-A,5,Email,1,107.6
80,West,Diabetes-A,6,Field,4,192.85
80,West,Diabetes-A,7,Webinar,2,99.46
80,West,Diabetes-A,8,Field,4,167.03
80,West,Diabetes-A,9,Webinar,2,142.91
80,West,Diabetes-A,10,Webinar,2,130.62
80,West,Diabetes-A,11,Email,1,49.15
80,West,Diabetes-A,12,Email,3,136.38
81,North,Oncology-A,1,Email,2,16.85
81,North,Oncology-A,2,Webinar,3,138.54
81,North,Oncology-A,3,Webinar,3,80.41
81,North,Oncology-A,4,Field,3,101.48
81,North,Oncology-A,5,Field,2,85.18
81,North,Oncology-A,6,Webinar,1,42.31
81,North,Oncology-A,7,Email,2,54.78
81,North,Oncology-A,8,Email,2,58.59
81,North,Oncology-A,9,Email,3,86.54
81,North,Oncology-A,10,Field,1,56.8
81,North,Oncology-A,11,Email,1,63.09
81,North,Oncology-A,12,Email,6,162.11
82,South,Oncology-B,1,Field,3,189.41
82,South,Oncology-B,2,Email,1,126.39
82,South,Oncology-B,3,Webinar,4,190.04
82,South,Oncology-B,4,Webinar,2,165.57
82,South,Oncology-B,5,Email,0,119.13
82,South,Oncology-B,6,Webinar,4,205.71
82,South,Oncology-B,7,Webinar,2,160.27
82,South,Oncology-B,8,Webinar,2,139.54
82,South,Oncology-B,9,Webinar,4,170.54
82,South,Oncology-B,10,Email,2,177.14
82,South,Oncology-B,11,Webinar,0,125.41
82,South,Oncology-B,12,Webinar,7,246.44
83,East,Immunology-A,1,Field,2,85.52
83,East,Immunology-A,2,Webinar,1,91.19
83,East,Immunology-A,3,Webinar,6,140.41
83,East,Immunology-A,4,Webinar,0,47.58
83,East,Immunology-A,5,Webinar,3,112.55
83,East,Immunology-A,6,Field,2,89.39
83,East,Immunology-A,7,Email,1,79.11
83,East,Immunology-A,8,Webinar,1,56.7
83,East,Immunology-A,9,Email,2,127.09
83,East,Immunology-A,10,Field,1,94.82
83,East,Immunology-A,11,Webinar,0,87.82
83,East,Immunology-A,12,Email,2,63.63
84,West,Diabetes-A,1,Email,0,1.68
84,West,Diabetes-A,2,Field,2,26.03
84,West,Diabetes-A,3,Webinar,3,75.75
84,West,Diabetes-A,4,Field,2,97.22
84,West,Diabetes-A,5,Webinar,1,91.87
84,West,Diabetes-A,6,Webinar,1,56.34
84,West,Diabetes-A,7,Email,2,57.68
84,West,Diabetes-A,8,Webinar,1,55.31
84,West,Diabetes-A,9,Field,3,94.82
84,West,Diabetes-A,10,Field,0,47.5
84,West,Diabetes-A,11,Field,4,134.46
84,West,Diabetes-A,12,Email,3,71.42
85,North,Oncology-A,1,Field,2,197.04
85,North,Oncology-A,2,Email,3,191.86
85,North,Oncology-A,3,Email,2,171.04
85,North,Oncology-A,4,Email,2,200.07
85,North,Oncology-A,5,Webinar,2,196.92
85,North,Oncology-A,6,Email,2,192.29
85,North,Oncology-A,7,Webinar,2,149.85
85,North,Oncology-A,8,Field,2,174.79
85,North,Oncology-A,9,Email,3,171.28
85,North,Oncology-A,10,Field,2,184.31
85,North,Oncology-A,11,Field,1,177.07
85,North,Oncology-A,12,Field,2,167.9
86,South,Oncology-B,1,Webinar,1,133.61
86,South,Oncology-B,2,Field,3,153.64
86,South,Oncology-B,3,Webinar,2,143.3
86,South,Oncology-B,4,Webinar,3,166.03
86,South,Oncology-B,5,Email,2,132.58
86,South,Oncology-B,6,Webinar,2,122.09
86,South,Oncology-B,7,Webinar,0,84.15
86,South,Oncology-B,8,Field,0,105.81
86,South,Oncology-B,9,Email,5,244.1
86,South,Oncology-B,10,Webinar,2,132.62
86,South,Oncology-B,11,Webinar,1,158.8
86,South,Oncology-B,12,Field,2,127.29
87,East,Immunology-A,1,Email,2,155.07
87,East,Immunology-A,2,Field,4,223.12
87,East,Immunology-A,3,Field,5,260.77
87,East,Immunology-A,4,Field,3,204.5
87,East,Immunology-A,5,Webinar,3,204.58
87,East,Immunology-A,6,Field,4,201.2
87,East,Immunology-A,7,Email,3,122.15
87,East,Immunology-A,8,Field,2,185.97
87,East,Immunology-A,9,Email,3,182.63
87,East,Immunology-A,10,Field,1,217.84
87,East,Immunology-A,11,Webinar,2,195.29
87,East,Immunology-A,12,Field,3,194.99
88,West,Diabetes-A,1,Email,3,156.96
88,West,Diabetes-A,2,Field,2,153.94
88,West,Diabetes-A,3,Webinar,4,205.02
88,West,Diabetes-A,4,Field,2,229.83
88,West,Diabetes-A,5,Field,4,230.68
88,West,Diabetes-A,6,Webinar,3,217.02
88,West,Diabetes-A,7,Field,2,187.89
88,West,Diabetes-A,8,Field,3,215.5
88,West,Diabetes-A,9,Field,5,200.53
88,West,Diabetes-A,10,Webinar,0,165.0
88,West,Diabetes-A,11,Field,2,210.83
88,West,Diabetes-A,12,Webinar,4,232.24
89,North,Oncology-A,1,Email,1,160.7
89,North,Oncology-A,2,Email,3,211.38
89,North,Oncology-A,3,Webinar,2,240.84
89,North,Oncology-A,4,Email,1,141.36
89,North,Oncology-A,5,Field,0,201.56
89,North,Oncology-A,6,Email,5,279.91
89,North,Oncology-A,7,Webinar,2,173.53
89,North,Oncology-A,8,Webinar,2,168.37
89,North,Oncology-A,9,Webinar,2,168.75
89,North,Oncology-A,10,Field,1,181.74
89,North,Oncology-A,11,Email,1,157.38
89,North,Oncology-A,12,Field,2,195.79
90,South,Oncology-B,1,Webinar,2,196.92
90,South,Oncology-B,2,Webinar,2,226.8
90,South,Oncology-B,3,Email,2,187.66
90,South,Oncology-B,4,Email,1,194.54
90,South,Oncology-B,5,Field,3,224.04
90,South,Oncology-B,6,Field,3,207.67
90,South,Oncology-B,7,Webinar,2,221.18
90,South,Oncology-B,8,Field,4,267.13
90,South,Oncology-B,9,Field,3,232.89
90,South,Oncology-B,10,Field,2,206.0
90,South,Oncology-B,11,Email,5,240.09
90,South,Oncology-B,12,Field,1,196.77
91,East,Immunology-A,1,Email,2,78.97
91,East,Immunology-A,2,Webinar,3,160.89
91,East,Immunology-A,3,Field,2,157.26
91,East,Immunology-A,4,Webinar,1,141.59
91,East,Immunology-A,5,Email,1,147.48
91,East,Immunology-A,6,Email,3,146.62
91,East,Immunology-A,7,Email,1,113.46
91,East,Immunology-A,8,Field,1,92.27
91,East,Immunology-A,9,Email,3,139.56
91,East,Immunology-A,10,Field,1,90.45
91,East,Immunology-A,11,Email,2,124.2
91,East,Immunology-A,12,Email,3,123.61
92,West,Diabetes-A,1,Webinar,3,96.71
92,West,Diabetes-A,2,Webinar,2,111.75
92,West,Diabetes-A,3,Webinar,7,181.92
92,West,Diabetes-A,4,Field,3,121.77
92,West,Diabetes-A,5,Email,2,85.38
92,West,Diabetes-A,6,Email,2,97.74
92,West,Diabetes-A,7,Email,2,64.71
92,West,Diabetes-A,8,Email,1,51.61
92,West,Diabetes-A,9,Email,2,45.74
92,West,Diabetes-A,10,Email,3,73.25
92,West,Diabetes-A,11,Field,3,88.68
92,West,Diabetes-A,12,Field,4,157.36
93,North,Oncology-A,1,Field,3,120.21
93,North,Oncology-A,2,Email,1,155.67
93,North,Oncology-A,3,Email,1,87.58
93,North,Oncology-A,4,Field,3,167.5
93,North,Oncology-A,5,Field,3,189.96
93,North,Oncology-A,6,Webinar,4,182.07
93,North,Oncology-A,7,Field,0,114.14
93,North,Oncology-A,8,Field,3,168.22
93,North,Oncology-A,9,Field,2,143.91
93,North,Oncology-A,10,Webinar,4,208.86
93,North,Oncology-A,11,Webinar,4,188.75
93,North,Oncology-A,12,Webinar,2,125.23
94,South,Oncology-B,1,Webinar,0,84.02
94,South,Oncology-B,2,Field,0,48.86
94,South,Oncology-B,3,Field,2,116.88
94,South,Oncology-B,4,Webinar,2,114.99
94,South,Oncology-B,5,Email,1,60.58
94,South,Oncology-B,6,Field,1,69.32
94,South,Oncology-B,7,Field,2,88.85
94,South,Oncology-B,8,Field,3,122.56
94,South,Oncology-B,9,Email,3,134.9
94,South,Oncology-B,10,Field,1,73.56
94,South,Oncology-B,11,Webinar,1,76.06
94,South,Oncology-B,12,Email,2,139.3
95,East,Immunology-A,1,Email,0,126.69
95,East,Immunology-A,2,Field,4,239.45
95,East,Immunology-A,3,Webinar,3,132.37
95,East,Immunology-A,4,Webinar,0,177.08
95,East,Immunology-A,5,Webinar,7,309.97
95,East,Immunology-A,6,Webinar,2,169.93
95,East,Immunology-A,7,Webinar,3,244.52
95,East,Immunology-A,8,Field,2,145.87
95,East,Immunology-A,9,Email,3,201.81
95,East,Immunology-A,10,Webinar,3,257.0
95,East,Immunology-A,11,Field,3,209.6
95,East,Immunology-A,12,Field,3,216.83
96,West,Diabetes-A,1,Field,2,126.23
96,West,Diabetes-A,2,Email,2,129.87
96,West,Diabetes-A,3,Email,3,130.75
96,West,Diabetes-A,4,Field,3,125.57
96,West,Diabetes-A,5,Email,2,115.94
96,West,Diabetes-A,6,Email,4,124.6
96,West,Diabetes-A,7,Email,0,92.55
96,West,Diabetes-A,8,Webinar,1,39.01
96,West,Diabetes-A,9,Email,3,125.67
96,West,Diabetes-A,10,Webinar,5,211.57
96,West,Diabetes-A,11,Webinar,2,88.04
96,West,Diabetes-A,12,Field,6,188.96
97,North,Oncology-A,1,Webinar,3,191.94
97,North,Oncology-A,2,Webinar,2,143.38
97,North,Oncology-A,3,Field,2,151.28
97,North,Oncology-A,4,Webinar,1,126.49
97,North,Oncology-A,5,Field,3,137.37
97,North,Oncology-A,6,Email,2,115.72
97,North,Oncology-A,7,Email,0,49.06
97,North,Oncology-A,8,Webinar,1,102.2
97,North,Oncology-A,9,Webinar,3,171.91
97,North,Oncology-A,10,Field,2,119.06
97,North,Oncology-A,11,Field,2,146.68
97,North,Oncology-A,12,Webinar,3,130.69
98,South,Oncology-B,1,Field,5,144.65
98,South,Oncology-B,2,Email,2,55.72
98,South,Oncology-B,3,Field,3,132.1
98,South,Oncology-B,4,Field,4,85.12
98,South,Oncology-B,5,Field,2,137.85
98,South,Oncology-B,6,Email,3,107.97
98,South,Oncology-B,7,Field,1,96.84
98,South,Oncology-B,8,Field,0,71.18
98,South,Oncology-B,9,Field,2,91.98
98,South,Oncology-B,10,Webinar,1,11.83
98,South,Oncology-B,11,Email,1,98.13
98,South,Oncology-B,12,Webinar,2,66.16
99,East,Immunology-A,1,Field,1,151.48
99,East,Immunology-A,2,Field,4,187.22
99,East,Immunology-A,3,Webinar,4,222.15
99,East,Immunology-A,4,Field,2,155.46
99,East,Immunology-A,5,Email,1,145.21
99,East,Immunology-A,6,Email,4,170.51
99,East,Immunology-A,7,Email,2,150.26
99,East,Immunology-A,8,Email,1,91.48
99,East,Immunology-A,9,Email,2,180.89
99,East,Immunology-A,10,Field,1,113.8
99,East,Immunology-A,11,Field,3,180.4
99,East,Immunology-A,12,Field,4,202.07
100,West,Diabetes-A,1,Webinar,2,204.13
100,West,Diabetes-A,2,Field,3,279.45
100,West,Diabetes-A,3,Webinar,5,308.84
100,West,Diabetes-A,4,Field,1,219.26
100,West,Diabetes-A,5,Email,1,215.74
100,West,Diabetes-A,6,Webinar,3,257.15
100,West,Diabetes-A,7,Webinar,3,247.36
100,West,Diabetes-A,8,Field,1,220.12
100,West,Diabetes-A,9,Field,3,238.57
100,West,Diabetes-A,10,Webinar,4,245.51
100,West,Diabetes-A,11,Email,3,281.13
100,West,Diabetes-A,12,Email,4,240.69
101,North,Oncology-A,1,Webinar,2,236.08
101,North,Oncology-A,2,Email,4,222.44
101,North,Oncology-A,3,Email,3,247.73
101,North,Oncology-A,4,Webinar,2,233.15
101,North,Oncology-A,5,Email,2,194.91
101,North,Oncology-A,6,Email,3,217.35
101,North,Oncology-A,7,Email,2,231.05
101,North,Oncology-A,8,Field,1,146.33
101,North,Oncology-A,9,Email,1,196.82
101,North,Oncology-A,10,Webinar,1,164.33
101,North,Oncology-A,11,Field,3,270.58
101,North,Oncology-A,12,Email,2,202.78
102,South,Oncology-B,1,Email,2,131.43
102,South,Oncology-B,2,Field,2,87.17
102,South,Oncology-B,3,Field,2,121.48
102,South,Oncology-B,4,Email,2,119.58
102,South,Oncology-B,5,Email,4,154.73
102,South,Oncology-B,6,Email,3,131.79
102,South,Oncology-B,7,Webinar,2,90.29
102,South,Oncology-B,8,Field,1,118.43
102,South,Oncology-B,9,Field,3,152.76
102,South,Oncology-B,10,Email,3,195.65
102,South,Oncology-B,11,Email,2,148.95
102,South,Oncology-B,12,Webinar,1,94.31
103,East,Immunology-A,1,Email,2,134.94
103,East,Immunology-A,2,Email,3,164.7
103,East,Immunology-A,3,Webinar,3,158.96
103,East,Immunology-A,4,Field,0,127.59
103,East,Immunology-A,5,Email,4,184.54
103,East,Immunology-A,6,Webinar,5,233.25
103,East,Immunology-A,7,Field,4,182.54
103,East,Immunology-A,8,Email,2,119.7
103,East,Immunology-A,9,Webinar,4,170.44
103,East,Immunology-A,10,Email,1,182.38
103,East,Immunology-A,11,Email,1,106.89
103,East,Immunology-A,12,Field,1,136.07
104,West,Diabetes-A,1,Webinar,2,276.87
104,West,Diabetes-A,2,Email,3,268.04
104,West,Diabetes-A,3,Webinar,2,228.59
104,West,Diabetes-A,4,Webinar,1,264.63
104,West,Diabetes-A,5,Field,3,264.99
104,West,Diabetes-A,6,Webinar,6,262.14
104,West,Diabetes-A,7,Webinar,5,317.94
104,West,Diabetes-A,8,Email,4,261.0
104,West,Diabetes-A,9,Email,1,213.29
104,West,Diabetes-A,10,Webinar,0,190.18
104,West,Diabetes-A,11,Email,3,304.27
104,West,Diabetes-A,12,Field,5,334.16
105,North,Oncology-A,1,Email,1,117.73
105,North,Oncology-A,2,Webinar,1,88.02
105,North,Oncology-A,3,Webinar,2,92.84
105,North,Oncology-A,4,Webinar,1,82.31
105,North,Oncology-A,5,Email,1,92.57
105,North,Oncology-A,6,Email,4,145.37
105,North,Oncology-A,7,Webinar,2,88.24
105,North,Oncology-A,8,Field,4,222.3
105,North,Oncology-A,9,Field,1,46.04
105,North,Oncology-A,10,Email,3,118.61
105,North,Oncology-A,11,Email,1,35.34
105,North,Oncology-A,12,Field,2,62.26
106,South,Oncology-B,1,Field,2,146.63
106,South,Oncology-B,2,Field,2,121.67
106,South,Oncology-B,3,Webinar,2,146.63
106,South,Oncology-B,4,Field,3,150.96
106,South,Oncology-B,5,Field,0,103.08
106,South,Oncology-B,6,Webinar,1,148.1
106,South,Oncology-B,7,Webinar,0,69.74
106,South,Oncology-B,8,Field,4,159.56
106,South,Oncology-B,9,Email,2,120.84
106,South,Oncology-B,10,Email,2,110.96
106,South,Oncology-B,11,Webinar,2,162.14
106,South,Oncology-B,12,Field,3,177.29
107,East,Immunology-A,1,Field,0,192.35
107,East,Immunology-A,2,Webinar,1,221.96
107,East,Immunology-A,3,Email,2,234.44
107,East,Immunology-A,4,Email,3,254.76
107,East,Immunology-A,5,Email,0,196.13
107,East,Immunology-A,6,Field,4,311.27
107,East,Immunology-A,7,Email,1,221.46
107,East,Immunology-A,8,Email,1,218.62
107,East,Immunology-A,9,Field,2,205.93
107,East,Immunology-A,10,Field,2,243.41
107,East,Immunology-A,11,Email,3,259.81
107,East,Immunology-A,12,Field,5,292.63
108,West,Diabetes-A,1,Webinar,3,198.24
108,West,Diabetes-A,2,Email,3,147.63
108,West,Diabetes-A,3,Webinar,5,249.98
108,West,Diabetes-A,4,Webinar,2,154.32
108,West,Diabetes-A,5,Field,1,147.81
108,West,Diabetes-A,6,Email,6,238.56
108,West,Diabetes-A,7,Webinar,0,117.45
108,West,Diabetes-A,8,Field,5,225.5
108,West,Diabetes-A,9,Webinar,3,206.43
108,West,Diabetes-A,10,Field,1,197.65
108,West,Diabetes-A,11,Field,0,166.67
108,West,Diabetes-A,12,Field,4,219.84
109,North,Oncology-A,1,Email,4,115.55
109,North,Oncology-A,2,Field,2,126.71
109,North,Oncology-A,3,Email,2,81.71
109,North,Oncology-A,4,Field,4,121.19
109,North,Oncology-A,5,Webinar,1,37.44
109,North,Oncology-A,6,Webinar,2,82.97
109,North,Oncology-A,7,Email,1,80.77
109,North,Oncology-A,8,Field,3,81.51
109,North,Oncology-A,9,Field,3,64.56
109,North,Oncology-A,10,Email,0,66.13
109,North,Oncology-A,11,Webinar,1,88.63
109,North,Oncology-A,12,Email,1,93.77
110,South,Oncology-B,1,Field,2,173.37
110,South,Oncology-B,2,Email,1,173.05
110,South,Oncology-B,3,Field,6,281.07
110,South,Oncology-B,4,Email,0,133.41
110,South,Oncology-B,5,Field,2,173.54
110,South,Oncology-B,6,Webinar,1,186.15
110,South,Oncology-B,7,Field,0,128.42
110,South,Oncology-B,8,Field,2,216.0
110,South,Oncology-B,9,Webinar,2,109.57
110,South,Oncology-B,10,Email,2,176.06
110,South,Oncology-B,11,Field,1,166.61
110,South,Oncology-B,12,Webinar,2,134.79
111,East,Immunology-A,1,Webinar,4,29.24
111,East,Immunology-A,2,Webinar,3,96.16
111,East,Immunology-A,3,Email,1,68.97
111,East,Immunology-A,4,Email,0,10.19
111,East,Immunology-A,5,Field,2,70.75
111,East,Immunology-A,6,Email,4,119.22
111,East,Immunology-A,7,Webinar,3,30.83
111,East,Immunology-A,8,Email,2,77.63
111,East,Immunology-A,9,Webinar,1,42.31
111,East,Immunology-A,10,Email,1,68.82
111,East,Immunology-A,11,Webinar,2,87.3
111,East,Immunology-A,12,Email,2,54.54
112,West,Diabetes-A,1,Webinar,1,101.26
112,West,Diabetes-A,2,Email,3,74.11
112,West,Diabetes-A,3,Webinar,3,65.77
112,West,Diabetes-A,4,Field,0,53.01
112,West,Diabetes-A,5,Email,1,69.51
112,West,Diabetes-A,6,Email,2,42.43
112,West,Diabetes-A,7,Field,1,60.52
112,West,Diabetes-A,8,Field,0,91.92
112,West,Diabetes-A,9,Email,3,32.46
112,West,Diabetes-A,10,Webinar,2,35.22
112,West,Diabetes-A,11,Webinar,3,55.3
112,West,Diabetes-A,12,Email,1,38.56
113,North,Oncology-A,1,Email,5,166.11
113,North,Oncology-A,2,Email,3,119.17
113,North,Oncology-A,3,Email,3,69.02
113,North,Oncology-A,4,Field,2,47.34
113,North,Oncology-A,5,Field,0,89.51
113,North,Oncology-A,6,Field,2,68.94
113,North,Oncology-A,7,Email,0,52.09
113,North,Oncology-A,8,Webinar,2,63.28
113,North,Oncology-A,9,Email,2,31.79
113,North,Oncology-A,10,Field,3,90.14
113,North,Oncology-A,11,Field,4,100.27
113,North,Oncology-A,12,Webinar,4,88.51
114,South,Oncology-B,1,Field,4,185.2
114,South,Oncology-B,2,Webinar,1,101.3
114,South,Oncology-B,3,Webinar,4,151.82
114,South,Oncology-B,4,Field,1,60.31
114,South,Oncology-B,5,Field,2,105.29
114,South,Oncology-B,6,Email,4,174.63
114,South,Oncology-B,7,Email,1,63.2
114,South,Oncology-B,8,Webinar,3,131.2
114,South,Oncology-B,9,Email,7,221.34
114,South,Oncology-B,10,Email,3,172.75
114,South,Oncology-B,11,Email,2,76.72
114,South,Oncology-B,12,Field,3,126.95
115,East,Immunology-A,1,Field,0,218.73
115,East,Immunology-A,2,Webinar,1,197.67
115,East,Immunology-A,3,Email,3,278.01
115,East,Immunology-A,4,Webinar,2,223.48
115,East,Immunology-A,5,Webinar,1,188.31
115,East,Immunology-A,6,Webinar,2,244.5
115,East,Immunology-A,7,Email,0,182.97
115,East,Immunology-A,8,Email,1,171.97
115,East,Immunology-A,9,Field,2,229.05
115,East,Immunology-A,10,Field,1,250.66
115,East,Immunology-A,11,Field,2,235.91
115,East,Immunology-A,12,Field,5,307.05
116,West,Diabetes-A,1,Webinar,2,111.23
116,West,Diabetes-A,2,Webinar,0,84.57
116,West,Diabetes-A,3,Field,1,136.56
116,West,Diabetes-A,4,Email,1,110.62
116,West,Diabetes-A,5,Email,0,160.83
116,West,Diabetes-A,6,Webinar,3,178.41
116,West,Diabetes-A,7,Field,5,148.26
116,West,Diabetes-A,8,Field,3,130.62
116,West,Diabetes-A,9,Field,2,97.65
116,West,Diabetes-A,10,Webinar,3,123.27
116,West,Diabetes-A,11,Email,3,189.72
116,West,Diabetes-A,12,Webinar,5,203.82
117,North,Oncology-A,1,Email,1,63.95
117,North,Oncology-A,2,Email,5,124.93
117,North,Oncology-A,3,Field,1,69.46
117,North,Oncology-A,4,Webinar,2,119.49
117,North,Oncology-A,5,Email,0,2.91
117,North,Oncology-A,6,Email,4,150.89
117,North,Oncology-A,7,Webinar,2,63.39
117,North,Oncology-A,8,Webinar,3,117.54
117,North,Oncology-A,9,Field,2,142.26
117,North,Oncology-A,10,Email,2,103.68
117,North,Oncology-A,11,Webinar,1,92.39
117,North,Oncology-A,12,Field,3,109.37
118,South,Oncology-B,1,Email,2,84.54
118,South,Oncology-B,2,Email,0,21.67
118,South,Oncology-B,3,Field,4,120.02
118,South,Oncology-B,4,Webinar,2,87.12
118,South,Oncology-B,5,Field,3,80.51
118,South,Oncology-B,6,Webinar,2,33.94
118,South,Oncology-B,7,Email,1,44.6
118,South,Oncology-B,8,Field,1,32.23
118,South,Oncology-B,9,Email,4,100.4
118,South,Oncology-B,10,Email,4,148.88
118,South,Oncology-B,11,Email,6,138.55
118,South,Oncology-B,12,Email,1,66.95
119,East,Immunology-A,1,Field,2,235.82
119,East,Immunology-A,2,Webinar,1,184.69
119,East,Immunology-A,3,Webinar,1,188.28
119,East,Immunology-A,4,Field,1,214.09
119,East,Immunology-A,5,Field,2,235.74
119,East,Immunology-A,6,Field,2,247.8
119,East,Immunology-A,7,Field,1,223.34
119,East,Immunology-A,8,Email,1,171.72
119,East,Immunology-A,9,Field,2,207.99
119,East,Immunology-A,10,Email,3,240.01
119,East,Immunology-A,11,Email,1,148.87
119,East,Immunology-A,12,Webinar,3,252.2
120,West,Diabetes-A,1,Webinar,0,88.62
120,West,Diabetes-A,2,Webinar,2,154.48
120,West,Diabetes-A,3,Webinar,1,133.55
120,West,Diabetes-A,4,Webinar,4,203.38
120,West,Diabetes-A,5,Webinar,4,207.04
120,West,Diabetes-A,6,Webinar,4,259.84
120,West,Diabetes-A,7,Field,2,179.17
120,West,Diabetes-A,8,Field,2,158.9
120,West,Diabetes-A,9,Field,2,185.43
120,West,Diabetes-A,10,Email,3,164.02
120,West,Diabetes-A,11,Webinar,4,209.33
120,West,Diabetes-A,12,Field,3,224.87
121,North,Oncology-A,1,Field,1,47.97
121,North,Oncology-A,2,Email,0,29.94
121,North,Oncology-A,3,Email,2,56.26
121,North,Oncology-A,4,Email,1,103.58
121,North,Oncology-A,5,Email,2,24.37
121,North,Oncology-A,6,Webinar,4,128.07
121,North,Oncology-A,7,Field,1,78.32
121,North,Oncology-A,8,Email,0,55.08
121,North,Oncology-A,9,Email,6,141.95
121,North,Oncology-A,10,Field,0,35.16
121,North,Oncology-A,11,Field,3,118.32
121,North,Oncology-A,12,Field,1,40.23
122,South,Oncology-B,1,Email,2,157.24
122,South,Oncology-B,2,Field,2,151.6
122,South,Oncology-B,3,Webinar,3,209.14
122,South,Oncology-B,4,Field,3,160.58
122,South,Oncology-B,5,Field,3,203.78
122,South,Oncology-B,6,Email,4,181.07
122,South,Oncology-B,7,Field,2,209.87
122,South,Oncology-B,8,Email,0,126.82
122,South,Oncology-B,9,Field,4,239.25
122,South,Oncology-B,10,Webinar,4,183.42
122,South,Oncology-B,11,Email,1,131.44
122,South,Oncology-B,12,Email,4,201.75
123,East,Immunology-A,1,Email,1,151.36
123,East,Immunology-A,2,Field,0,166.95
123,East,Immunology-A,3,Email,2,153.94
123,East,Immunology-A,4,Field,4,272.83
123,East,Immunology-A,5,Email,1,132.2
123,East,Immunology-A,6,Webinar,4,213.49
123,East,Immunology-A,7,Field,1,181.65
123,East,Immunology-A,8,Field,6,271.03
123,East,Immunology-A,9,Email,2,209.96
123,East,Immunology-A,10,Webinar,2,188.75
123,East,Immunology-A,11,Field,1,221.79
123,East,Immunology-A,12,Field,1,178.25
124,West,Diabetes-A,1,Field,2,128.42
124,West,Diabetes-A,2,Email,4,209.45
124,West,Diabetes-A,3,Webinar,2,124.47
124,West,Diabetes-A,4,Field,1,151.83
124,West,Diabetes-A,5,Webinar,5,139.27
124,West,Diabetes-A,6,Field,3,143.44
124,West,Diabetes-A,7,Field,1,149.82
124,West,Diabetes-A,8,Field,0,149.85
124,West,Diabetes-A,9,Webinar,4,183.96
124,West,Diabetes-A,10,Field,5,230.9
124,West,Diabetes-A,11,Field,4,168.4
124,West,Diabetes-A,12,Email,5,167.11
125,North,Oncology-A,1,Email,3,118.19
125,North,Oncology-A,2,Webinar,5,130.91
125,North,Oncology-A,3,Webinar,4,107.5
125,North,Oncology-A,4,Email,6,149.31
125,North,Oncology-A,5,Webinar,2,34.05
125,North,Oncology-A,6,Email,3,114.71
125,North,Oncology-A,7,Webinar,1,61.73
125,North,Oncology-A,8,Email,3,134.1
125,North,Oncology-A,9,Webinar,3,112.87
125,North,Oncology-A,10,Webinar,5,120.55
125,North,Oncology-A,11,Field,2,71.59
125,North,Oncology-A,12,Field,1,70.45
126,South,Oncology-B,1,Email,5,249.15
126,South,Oncology-B,2,Webinar,3,194.68
126,South,Oncology-B,3,Field,1,202.82
126,South,Oncology-B,4,Field,0,210.72
126,South,Oncology-B,5,Email,0,149.38
126,South,Oncology-B,6,Webinar,3,238.94
126,South,Oncology-B,7,Email,4,233.59
126,South,Oncology-B,8,Field,2,201.65
126,South,Oncology-B,9,Email,1,228.35
126,South,Oncology-B,10,Field,0,188.09
126,South,Oncology-B,11,Webinar,1,189.04
126,South,Oncology-B,12,Webinar,3,226.81
127,East,Immunology-A,1,Email,1,269.47
127,East,Immunology-A,2,Email,2,278.72
127,East,Immunology-A,3,Field,1,237.22
127,East,Immunology-A,4,Email,1,263.42
127,East,Immunology-A,5,Field,1,254.11
127,East,Immunology-A,6,Field,5,375.41
127,East,Immunology-A,7,Email,2,260.79
127,East,Immunology-A,8,Email,1,246.21
127,East,Immunology-A,9,Field,1,291.53
127,East,Immunology-A,10,Webinar,3,310.2
127,East,Immunology-A,11,Webinar,2,344.33
127,East,Immunology-A,12,Field,5,319.27
128,West,Diabetes-A,1,Webinar,0,58.27
128,West,Diabetes-A,2,Email,1,71.28
128,West,Diabetes-A,3,Webinar,1,41.99
128,West,Diabetes-A,4,Email,1,81.77
128,West,Diabetes-A,5,Email,5,98.45
128,West,Diabetes-A,6,Webinar,3,143.01
128,West,Diabetes-A,7,Webinar,3,159.3
128,West,Diabetes-A,8,Email,2,93.99
128,West,Diabetes-A,9,Email,2,90.25
128,West,Diabetes-A,10,Webinar,2,106.42
128,West,Diabetes-A,11,Webinar,2,154.96
128,West,Diabetes-A,12,Webinar,4,123.81
129,North,Oncology-A,1,Field,5,276.65
129,North,Oncology-A,2,Field,4,258.88
129,North,Oncology-A,3,Email,2,247.06
129,North,Oncology-A,4,Field,3,273.11
129,North,Oncology-A,5,Webinar,0,187.94
129,North,Oncology-A,6,Webinar,2,227.18
129,North,Oncology-A,7,Field,2,248.81
129,North,Oncology-A,8,Email,1,218.18
129,North,Oncology-A,9,Field,3,283.41
129,North,Oncology-A,10,Email,1,231.3
129,North,Oncology-A,11,Webinar,3,301.49
129,North,Oncology-A,12,Field,3,283.87
130,South,Oncology-B,1,Webinar,4,162.42
130,South,Oncology-B,2,Field,2,52.16
130,South,Oncology-B,3,Webinar,2,113.25
130,South,Oncology-B,4,Field,0,76.81
130,South,Oncology-B,5,Webinar,1,94.02
130,South,Oncology-B,6,Webinar,2,53.82
130,South,Oncology-B,7,Webinar,3,99.75
130,South,Oncology-B,8,Email,2,109.93
130,South,Oncology-B,9,Webinar,4,158.99
130,South,Oncology-B,10,Webinar,4,126.61
130,South,Oncology-B,11,Webinar,3,138.86
130,South,Oncology-B,12,Webinar,2,81.63
131,East,Immunology-A,1,Webinar,5,88.61
131,East,Immunology-A,2,Field,3,59.09
131,East,Immunology-A,3,Webinar,2,63.89
131,East,Immunology-A,4,Field,3,67.78
131,East,Immunology-A,5,Field,1,18.98
131,East,Immunology-A,6,Field,2,45.71
131,East,Immunology-A,7,Email,1,53.48
131,East,Immunology-A,8,Webinar,3,75.54
131,East,Immunology-A,9,Webinar,2,67.8
131,East,Immunology-A,10,Webinar,2,58.54
131,East,Immunology-A,11,Webinar,2,77.85
131,East,Immunology-A,12,Webinar,3,108.06
132,West,Diabetes-A,1,Field,3,203.48
132,West,Diabetes-A,2,Field,2,191.46
132,West,Diabetes-A,3,Field,4,211.72
132,West,Diabetes-A,4,Field,3,204.77
132,West,Diabetes-A,5,Email,2,161.17
132,West,Diabetes-A,6,Field,1,139.98
132,West,Diabetes-A,7,Webinar,3,183.04
132,West,Diabetes-A,8,Webinar,2,169.5
132,West,Diabetes-A,9,Webinar,4,184.88
132,West,Diabetes-A,10,Field,4,237.58
132,West,Diabetes-A,11,Field,1,173.02
132,West,Diabetes-A,12,Field,3,190.03
133,North,Oncology-A,1,Field,0,86.31
133,North,Oncology-A,2,Webinar,0,89.14
133,North,Oncology-A,3,Field,2,115.83
133,North,Oncology-A,4,Field,4,191.91
133,North,Oncology-A,5,Webinar,1,94.97
133,North,Oncology-A,6,Email,1,83.08
133,North,Oncology-A,7,Webinar,2,159.21
133,North,Oncology-A,8,Webinar,0,79.7
133,North,Oncology-A,9,Field,3,203.59
133,North,Oncology-A,10,Webinar,0,124.11
133,North,Oncology-A,11,Webinar,1,86.6
133,North,Oncology-A,12,Email,3,173.31
134,South,Oncology-B,1,Webinar,2,254.0
134,South,Oncology-B,2,Field,0,214.66
134,South,Oncology-B,3,Webinar,5,329.52
134,South,Oncology-B,4,Field,3,302.05
134,South,Oncology-B,5,Field,1,267.45
134,South,Oncology-B,6,Email,5,309.32
134,South,Oncology-B,7,Email,2,292.87
134,South,Oncology-B,8,Webinar,0,186.61
134,South,Oncology-B,9,Email,3,305.93
134,South,Oncology-B,10,Field,2,278.36
134,South,Oncology-B,11,Email,1,237.52
134,South,Oncology-B,12,Email,5,301.77
135,East,Immunology-A,1,Field,1,42.92
135,East,Immunology-A,2,Webinar,3,94.6
135,East,Immunology-A,3,Field,1,30.8
135,East,Immunology-A,4,Email,1,47.25
135,East,Immunology-A,5,Webinar,5,114.86
135,East,Immunology-A,6,Email,6,140.27
135,East,Immunology-A,7,Email,0,10.61
135,East,Immunology-A,8,Email,1,23.44
135,East,Immunology-A,9,Webinar,4,140.35
135,East,Immunology-A,10,Field,1,76.7
135,East,Immunology-A,11,Field,3,71.33
135,East,Immunology-A,12,Field,4,101.09
136,West,Diabetes-A,1,Webinar,0,62.87
136,West,Diabetes-A,2,Field,2,120.09
136,West,Diabetes-A,3,Email,3,109.77
136,West,Diabetes-A,4,Webinar,2,63.23
136,West,Diabetes-A,5,Email,2,86.05
136,West,Diabetes-A,6,Email,4,97.84
136,West,Diabetes-A,7,Webinar,0,58.19
136,West,Diabetes-A,8,Webinar,0,70.44
136,West,Diabetes-A,9,Webinar,2,111.21
136,West,Diabetes-A,10,Webinar,3,153.57
136,West,Diabetes-A,11,Email,2,49.62
136,West,Diabetes-A,12,Webinar,4,110.1
137,North,Oncology-A,1,Email,7,230.74
137,North,Oncology-A,2,Field,4,204.94
137,North,Oncology-A,3,Email,4,117.08
137,North,Oncology-A,4,Field,0,109.52
137,North,Oncology-A,5,Field,1,114.13
137,North,Oncology-A,6,Webinar,1,89.89
137,North,Oncology-A,7,Webinar,4,113.32
137,North,Oncology-A,8,Field,3,169.2
137,North,Oncology-A,9,Email,4,167.88
137,North,Oncology-A,10,Field,3,171.86
137,North,Oncology-A,11,Email,0,103.46
137,North,Oncology-A,12,Field,3,144.92
138,South,Oncology-B,1,Email,2,160.97
138,South,Oncology-B,2,Email,2,99.9
138,South,Oncology-B,3,Email,3,188.06
138,South,Oncology-B,4,Email,6,240.55
138,South,Oncology-B,5,Webinar,0,94.55
138,South,Oncology-B,6,Webinar,3,191.95
138,South,Oncology-B,7,Email,1,137.29
138,South,Oncology-B,8,Field,2,151.97
138,South,Oncology-B,9,Webinar,2,171.99
138,South,Oncology-B,10,Email,2,137.74
138,South,Oncology-B,11,Email,2,162.19
138,South,Oncology-B,12,Webinar,2,185.84
139,East,Immunology-A,1,Email,2,194.25
139,East,Immunology-A,2,Webinar,2,151.15
139,East,Immunology-A,3,Webinar,3,187.04
139,East,Immunology-A,4,Email,1,173.18
139,East,Immunology-A,5,Field,2,207.84
139,East,Immunology-A,6,Field,6,250.76
139,East,Immunology-A,7,Webinar,3,189.41
139,East,Immunology-A,8,Field,3,222.57
139,East,Immunology-A,9,Webinar,3,201.36
139,East,Immunology-A,10,Webinar,2,217.32
139,East,Immunology-A,11,Field,3,236.63
139,East,Immunology-A,12,Field,4,276.12
140,West,Diabetes-A,1,Webinar,2,108.34
140,West,Diabetes-A,2,Field,4,172.97
140,West,Diabetes-A,3,Webinar,2,104.5
140,West,Diabetes-A,4,Email,3,116.55
140,West,Diabetes-A,5,Webinar,2,141.85
140,West,Diabetes-A,6,Email,5,158.53
140,West,Diabetes-A,7,Webinar,2,66.51
140,West,Diabetes-A,8,Email,4,132.64
140,West,Diabetes-A,9,Email,2,125.24
140,West,Diabetes-A,10,Webinar,1,81.83
140,West,Diabetes-A,11,Email,2,139.33
140,West,Diabetes-A,12,Field,3,86.59
141,North,Oncology-A,1,Email,2,125.1
141,North,Oncology-A,2,Email,2,133.08
141,North,Oncology-A,3,Field,5,196.44
141,North,Oncology-A,4,Field,1,147.05
141,North,Oncology-A,5,Webinar,2,120.74
141,North,Oncology-A,6,Field,1,126.15
141,North,Oncology-A,7,Webinar,2,149.82
141,North,Oncology-A,8,Field,0,105.15
141,North,Oncology-A,9,Field,1,154.39
141,North,Oncology-A,10,Email,3,142.35
141,North,Oncology-A,11,Email,1,119.6
141,North,Oncology-A,12,Email,3,158.03
142,South,Oncology-B,1,Webinar,1,162.4
142,South,Oncology-B,2,Email,0,86.4
142,South,Oncology-B,3,Webinar,2,173.44
142,South,Oncology-B,4,Email,2,169.15
142,South,Oncology-B,5,Webinar,4,120.84
142,South,Oncology-B,6,Email,4,188.72
142,South,Oncology-B,7,Webinar,2,112.25
142,South,Oncology-B,8,Webinar,2,125.58
142,South,Oncology-B,9,Field,1,110.53
142,South,Oncology-B,10,Webinar,1,129.49
142,South,Oncology-B,11,Webinar,2,104.03
142,South,Oncology-B,12,Field,2,148.15
143,East,Immunology-A,1,Email,2,112.26
143,East,Immunology-A,2,Webinar,2,111.34
143,East,Immunology-A,3,Email,3,107.69
143,East,Immunology-A,4,Field,1,145.53
143,East,Immunology-A,5,Field,1,112.5
143,East,Immunology-A,6,Webinar,2,98.84
143,East,Immunology-A,7,Email,1,103.06
143,East,Immunology-A,8,Email,6,188.93
143,East,Immunology-A,9,Email,5,165.37
143,East,Immunology-A,10,Webinar,3,122.07
143,East,Immunology-A,11,Field,0,93.15
143,East,Immunology-A,12,Email,2,147.3
144,West,Diabetes-A,1,Webinar,1,153.86
144,West,Diabetes-A,2,Webinar,6,302.02
144,West,Diabetes-A,3,Email,1,181.04
144,West,Diabetes-A,4,Field,3,215.44
144,West,Diabetes-A,5,Webinar,2,202.25
144,West,Diabetes-A,6,Email,5,256.05
144,West,Diabetes-A,7,Webinar,1,172.43
144,West,Diabetes-A,8,Webinar,1,202.07
144,West,Diabetes-A,9,Email,2,209.97
144,West,Diabetes-A,10,Webinar,4,212.64
144,West,Diabetes-A,11,Field,5,247.19
144,West,Diabetes-A,12,Email,4,253.04
145,North,Oncology-A,1,Email,1,224.22
145,North,Oncology-A,2,Email,3,279.37
145,North,Oncology-A,3,Webinar,3,231.54
145,North,Oncology-A,4,Field,2,214.82
145,North,Oncology-A,5,Email,1,214.72
145,North,Oncology-A,6,Webinar,2,224.0
145,North,Oncology-A,7,Field,1,282.36
145,North,Oncology-A,8,Field,0,234.54
145,North,Oncology-A,9,Webinar,1,205.82
145,North,Oncology-A,10,Email,2,214.18
145,North,Oncology-A,11,Webinar,2,200.11
145,North,Oncology-A,12,Field,3,270.34
146,South,Oncology-B,1,Webinar,0,190.4
146,South,Oncology-B,2,Webinar,1,189.21
146,South,Oncology-B,3,Webinar,4,242.21
146,South,Oncology-B,4,Webinar,3,251.63
146,South,Oncology-B,5,Field,4,295.17
146,South,Oncology-B,6,Email,3,266.21
146,South,Oncology-B,7,Webinar,1,270.25
146,South,Oncology-B,8,Email,1,219.28
146,South,Oncology-B,9,Email,1,237.52
146,South,Oncology-B,10,Email,5,336.83
146,South,Oncology-B,11,Email,1,208.65
146,South,Oncology-B,12,Email,2,258.67
147,East,Immunology-A,1,Webinar,1,199.36
147,East,Immunology-A,2,Webinar,2,237.99
147,East,Immunology-A,3,Webinar,4,266.93
147,East,Immunology-A,4,Field,1,225.14
147,East,Immunology-A,5,Email,3,238.0
147,East,Immunology-A,6,Webinar,2,243.29
147,East,Immunology-A,7,Email,3,239.37
147,East,Immunology-A,8,Email,0,150.04
147,East,Immunology-A,9,Webinar,3,260.77
147,East,Immunology-A,10,Email,3,279.51
147,East,Immunology-A,11,Field,2,277.12
147,East,Immunology-A,12,Field,4,291.01
148,West,Diabetes-A,1,Webinar,1,138.12
148,West,Diabetes-A,2,Webinar,3,163.24
148,West,Diabetes-A,3,Webinar,3,169.71
148,West,Diabetes-A,4,Webinar,2,157.64
148,West,Diabetes-A,5,Email,3,188.58
148,West,Diabetes-A,6,Field,2,147.63
148,West,Diabetes-A,7,Email,1,168.57
148,West,Diabetes-A,8,Webinar,2,153.36
148,West,Diabetes-A,9,Webinar,3,150.69
148,West,Diabetes-A,10,Webinar,3,207.3
148,West,Diabetes-A,11,Field,2,133.81
148,West,Diabetes-A,12,Webinar,2,163.95
149,North,Oncology-A,1,Email,2,236.99
149,North,Oncology-A,2,Email,0,217.99
149,North,Oncology-A,3,Webinar,3,282.47
149,North,Oncology-A,4,Field,2,213.19
149,North,Oncology-A,5,Webinar,2,283.08
149,North,Oncology-A,6,Field,3,297.07
149,North,Oncology-A,7,Email,1,246.28
149,North,Oncology-A,8,Webinar,3,243.74
149,North,Oncology-A,9,Email,2,252.19
149,North,Oncology-A,10,Email,2,244.95
149,North,Oncology-A,11,Webinar,1,254.65
149,North,Oncology-A,12,Webinar,3,278.14
150,South,Oncology-B,1,Webinar,1,104.23
150,South,Oncology-B,2,Email,2,117.47
150,South,Oncology-B,3,Field,2,125.04
150,South,Oncology-B,4,Email,3,118.02
150,South,Oncology-B,5,Field,0,86.92
150,South,Oncology-B,6,Field,4,123.64
150,South,Oncology-B,7,Email,1,100.79
150,South,Oncology-B,8,Webinar,2,77.21
150,South,Oncology-B,9,Field,3,102.76
150,South,Oncology-B,10,Webinar,0,59.82
150,South,Oncology-B,11,Webinar,1,85.55
150,South,Oncology-B,12,Email,5,206.02
151,East,Immunology-A,1,Email,1,57.59
151,East,Immunology-A,2,Email,3,138.95
151,East,Immunology-A,3,Field,3,115.15
151,East,Immunology-A,4,Email,4,99.37
151,East,Immunology-A,5,Field,3,132.82
151,East,Immunology-A,6,Webinar,5,134.8
151,East,Immunology-A,7,Field,4,117.58
151,East,Immunology-A,8,Field,3,120.41
151,East,Immunology-A,9,Field,3,142.23
151,East,Immunology-A,10,Field,5,172.73
151,East,Immunology-A,11,Webinar,1,62.96
151,East,Immunology-A,12,Field,3,120.64
152,West,Diabetes-A,1,Webinar,2,99.84
152,West,Diabetes-A,2,Field,1,138.37
152,West,Diabetes-A,3,Email,6,194.9
152,West,Diabetes-A,4,Webinar,2,123.06
152,West,Diabetes-A,5,Webinar,2,128.6
152,West,Diabetes-A,6,Email,2,131.93
152,West,Diabetes-A,7,Webinar,1,90.72
152,West,Diabetes-A,8,Webinar,2,111.22
152,West,Diabetes-A,9,Field,3,116.42
152,West,Diabetes-A,10,Webinar,2,111.78
152,West,Diabetes-A,11,Field,2,101.73
152,West,Diabetes-A,12,Webinar,1,91.91
153,North,Oncology-A,1,Field,2,105.15
153,North,Oncology-A,2,Email,3,151.28
153,North,Oncology-A,3,Webinar,5,199.06
153,North,Oncology-A,4,Email,3,147.48
153,North,Oncology-A,5,Email,4,175.02
153,North,Oncology-A,6,Email,4,225.02
153,North,Oncology-A,7,Field,1,151.23
153,North,Oncology-A,8,Field,0,65.23
153,North,Oncology-A,9,Webinar,4,123.54
153,North,Oncology-A,10,Email,5,178.72
153,North,Oncology-A,11,Webinar,3,96.46
153,North,Oncology-A,12,Field,3,137.47
154,South,Oncology-B,1,Email,5,258.63
154,South,Oncology-B,2,Webinar,0,160.52
154,South,Oncology-B,3,Email,2,148.54
154,South,Oncology-B,4,Email,1,223.42
154,South,Oncology-B,5,Field,1,162.71
154,South,Oncology-B,6,Email,3,250.48
154,South,Oncology-B,7,Field,1,163.82
154,South,Oncology-B,8,Webinar,2,183.69
154,South,Oncology-B,9,Field,1,153.74
154,South,Oncology-B,10,Field,2,190.52
154,South,Oncology-B,11,Field,1,185.08
154,South,Oncology-B,12,Webinar,1,200.56
155,East,Immunology-A,1,Webinar,1,168.36
155,East,Immunology-A,2,Webinar,1,147.52
155,East,Immunology-A,3,Webinar,2,160.62
155,East,Immunology-A,4,Field,3,196.13
155,East,Immunology-A,5,Field,1,160.96
155,East,Immunology-A,6,Email,3,195.71
155,East,Immunology-A,7,Field,1,183.4
155,East,Immunology-A,8,Field,2,213.55
155,East,Immunology-A,9,Field,5,281.22
155,East,Immunology-A,10,Email,1,126.23
155,East,Immunology-A,11,Email,1,170.56
155,East,Immunology-A,12,Field,2,186.62
156,West,Diabetes-A,1,Field,2,140.43
156,West,Diabetes-A,2,Email,1,149.16
156,West,Diabetes-A,3,Email,5,212.22
156,West,Diabetes-A,4,Email,2,147.48
156,West,Diabetes-A,5,Field,1,144.26
156,West,Diabetes-A,6,Webinar,2,144.38
156,West,Diabetes-A,7,Email,2,164.59
156,West,Diabetes-A,8,Email,0,106.81
156,West,Diabetes-A,9,Webinar,2,190.33
156,West,Diabetes-A,10,Email,1,140.38
156,West,Diabetes-A,11,Field,0,95.97
156,West,Diabetes-A,12,Email,1,127.84
157,North,Oncology-A,1,Email,0,59.96
157,North,Oncology-A,2,Field,1,117.38
157,North,Oncology-A,3,Webinar,5,136.27
157,North,Oncology-A,4,Webinar,0,58.18
157,North,Oncology-A,5,Email,1,149.1
157,North,Oncology-A,6,Email,3,141.5
157,North,Oncology-A,7,Webinar,2,113.36
157,North,Oncology-A,8,Email,3,101.49
157,North,Oncology-A,9,Webinar,4,195.75
157,North,Oncology-A,10,Webinar,1,92.39
157,North,Oncology-A,11,Field,1,128.16
157,North,Oncology-A,12,Field,1,85.41
158,South,Oncology-B,1,Webinar,4,166.27
158,South,Oncology-B,2,Field,3,151.03
158,South,Oncology-B,3,Email,4,143.59
158,South,Oncology-B,4,Field,2,114.51
158,South,Oncology-B,5,Field,4,177.78
158,South,Oncology-B,6,Field,4,197.61
158,South,Oncology-B,7,Webinar,1,135.22
158,South,Oncology-B,8,Field,2,169.7
158,South,Oncology-B,9,Email,9,266.07
158,South,Oncology-B,10,Webinar,3,167.33
158,South,Oncology-B,11,Webinar,5,179.12
158,South,Oncology-B,12,Webinar,2,123.04
159,East,Immunology-A,1,Email,2,71.18
159,East,Immunology-A,2,Webinar,1,86.02
159,East,Immunology-A,3,Field,7,181.2
159,East,Immunology-A,4,Field,2,91.98
159,East,Immunology-A,5,Email,2,90.96
159,East,Immunology-A,6,Field,3,129.59
159,East,Immunology-A,7,Webinar,0,56.19
159,East,Immunology-A,8,Email,3,99.47
159,East,Immunology-A,9,Webinar,1,70.39
159,East,Immunology-A,10,Field,1,44.04
159,East,Immunology-A,11,Field,3,128.67
159,East,Immunology-A,12,Email,1,35.65
160,West,Diabetes-A,1,Field,3,106.8
160,West,Diabetes-A,2,Email,1,111.36
160,West,Diabetes-A,3,Email,2,103.35
160,West,Diabetes-A,4,Webinar,2,106.28
160,West,Diabetes-A,5,Webinar,2,114.78
160,West,Diabetes-A,6,Email,3,127.15
160,West,Diabetes-A,7,Field,1,69.92
160,West,Diabetes-A,8,Webinar,2,96.06
160,West,Diabetes-A,9,Webinar,5,225.79
160,West,Diabetes-A,10,Email,1,120.46
160,West,Diabetes-A,11,Email,3,149.21
160,West,Diabetes-A,12,Email,2,121.58
161,North,Oncology-A,1,Webinar,1,190.22
161,North,Oncology-A,2,Webinar,1,204.34
161,North,Oncology-A,3,Field,4,274.33
161,North,Oncology-A,4,Webinar,0,131.39
161,North,Oncology-A,5,Field,1,193.68
161,North,Oncology-A,6,Webinar,2,223.52
161,North,Oncology-A,7,Webinar,3,267.42
161,North,Oncology-A,8,Email,0,221.31
161,North,Oncology-A,9,Field,1,214.43
161,North,Oncology-A,10,Field,4,227.73
161,North,Oncology-A,11,Webinar,2,229.64
161,North,Oncology-A,12,Webinar,3,244.1
162,South,Oncology-B,1,Field,6,202.49
162,South,Oncology-B,2,Email,0,113.24
162,South,Oncology-B,3,Webinar,1,108.14
162,South,Oncology-B,4,Email,0,97.9
162,South,Oncology-B,5,Field,5,184.5
162,South,Oncology-B,6,Email,5,212.7
162,South,Oncology-B,7,Email,3,151.42
162,South,Oncology-B,8,Field,4,162.83
162,South,Oncology-B,9,Webinar,3,129.78
162,South,Oncology-B,10,Field,2,80.47
162,South,Oncology-B,11,Email,1,109.87
162,South,Oncology-B,12,Webinar,1,70.82
163,East,Immunology-A,1,Email,4,318.94
163,East,Immunology-A,2,Webinar,3,234.68
163,East,Immunology-A,3,Email,4,299.62
163,East,Immunology-A,4,Field,3,312.03
163,East,Immunology-A,5,Webinar,1,270.25
163,East,Immunology-A,6,Email,2,265.84
163,East,Immunology-A,7,Field,0,229.64
163,East,Immunology-A,8,Field,3,275.31
163,East,Immunology-A,9,Webinar,2,296.96
163,East,Immunology-A,10,Email,3,265.64
163,East,Immunology-A,11,Email,4,320.59
163,East,Immunology-A,12,Email,4,252.43
164,West,Diabetes-A,1,Webinar,1,133.41
164,West,Diabetes-A,2,Email,6,250.16
164,West,Diabetes-A,3,Field,3,204.23
164,West,Diabetes-A,4,Webinar,1,116.69
164,West,Diabetes-A,5,Webinar,2,146.65
164,West,Diabetes-A,6,Field,4,247.25
164,West,Diabetes-A,7,Field,1,186.64
164,West,Diabetes-A,8,Email,1,144.1
164,West,Diabetes-A,9,Field,5,214.47
164,West,Diabetes-A,10,Field,3,210.47
164,West,Diabetes-A,11,Webinar,2,189.85
164,West,Diabetes-A,12,Field,2,165.7
165,North,Oncology-A,1,Email,4,119.54
165,North,Oncology-A,2,Email,5,167.26
165,North,Oncology-A,3,Webinar,3,134.63
165,North,Oncology-A,4,Email,1,102.94
165,North,Oncology-A,5,Webinar,1,68.86
165,North,Oncology-A,6,Email,4,183.42
165,North,Oncology-A,7,Field,2,154.71
165,North,Oncology-A,8,Webinar,1,65.82
165,North,Oncology-A,9,Webinar,1,123.45
165,North,Oncology-A,10,Webinar,2,48.44
165,North,Oncology-A,11,Field,1,91.51
165,North,Oncology-A,12,Webinar,6,169.43
166,South,Oncology-B,1,Field,0,204.3
166,South,Oncology-B,2,Field,4,248.77
166,South,Oncology-B,3,Webinar,3,266.6
166,South,Oncology-B,4,Email,2,190.41
166,South,Oncology-B,5,Email,2,206.96
166,South,Oncology-B,6,Email,4,222.14
166,South,Oncology-B,7,Field,1,205.21
166,South,Oncology-B,8,Webinar,3,219.53
166,South,Oncology-B,9,Webinar,4,223.89
166,South,Oncology-B,10,Webinar,4,261.1
166,South,Oncology-B,11,Email,1,172.11
166,South,Oncology-B,12,Webinar,2,191.48
167,East,Immunology-A,1,Field,0,192.38
167,East,Immunology-A,2,Field,0,189.6
167,East,Immunology-A,3,Field,2,192.85
167,East,Immunology-A,4,Webinar,2,255.36
167,East,Immunology-A,5,Webinar,4,263.27
167,East,Immunology-A,6,Email,2,209.46
167,East,Immunology-A,7,Field,3,257.84
167,East,Immunology-A,8,Webinar,1,231.24
167,East,Immunology-A,9,Email,3,213.45
167,East,Immunology-A,10,Field,1,215.71
167,East,Immunology-A,11,Field,4,281.69
167,East,Immunology-A,12,Email,1,209.64
168,West,Diabetes-A,1,Webinar,3,158.38
168,West,Diabetes-A,2,Webinar,3,175.85
168,West,Diabetes-A,3,Webinar,4,170.41
168,West,Diabetes-A,4,Field,3,165.33
168,West,Diabetes-A,5,Field,5,237.87
168,West,Diabetes-A,6,Webinar,2,175.66
168,West,Diabetes-A,7,Field,1,111.9
168,West,Diabetes-A,8,Field,3,166.35
168,West,Diabetes-A,9,Email,4,210.6
168,West,Diabetes-A,10,Email,1,85.14
168,West,Diabetes-A,11,Email,5,192.11
168,West,Diabetes-A,12,Email,4,181.08
169,North,Oncology-A,1,Field,1,153.59
169,North,Oncology-A,2,Field,4,226.89
169,North,Oncology-A,3,Field,2,186.97
169,North,Oncology-A,4,Email,1,194.63
169,North,Oncology-A,5,Webinar,2,223.26
169,North,Oncology-A,6,Email,3,208.2
169,North,Oncology-A,7,Field,1,160.77
169,North,Oncology-A,8,Email,3,219.85
169,North,Oncology-A,9,Email,2,202.77
169,North,Oncology-A,10,Email,2,186.92
169,North,Oncology-A,11,Field,1,133.07
169,North,Oncology-A,12,Field,3,210.23
170,South,Oncology-B,1,Webinar,1,112.82
170,South,Oncology-B,2,Email,2,113.5
170,South,Oncology-B,3,Webinar,1,79.06
170,South,Oncology-B,4,Email,2,79.8
170,South,Oncology-B,5,Webinar,5,164.19
170,South,Oncology-B,6,Email,7,200.78
170,South,Oncology-B,7,Email,0,92.27
170,South,Oncology-B,8,Field,2,120.98
170,South,Oncology-B,9,Webinar,2,97.93
170,South,Oncology-B,10,Email,1,56.2
170,South,Oncology-B,11,Field,2,99.08
170,South,Oncology-B,12,Webinar,4,149.43
171,East,Immunology-A,1,Webinar,0,178.49
171,East,Immunology-A,2,Email,2,199.3
171,East,Immunology-A,3,Email,3,228.52
171,East,Immunology-A,4,Webinar,3,207.42
171,East,Immunology-A,5,Field,0,237.74
171,East,Immunology-A,6,Webinar,4,247.07
171,East,Immunology-A,7,Webinar,2,176.41
171,East,Immunology-A,8,Webinar,1,196.56
171,East,Immunology-A,9,Webinar,1,210.91
171,East,Immunology-A,10,Email,3,223.61
171,East,Immunology-A,11,Webinar,3,233.24
171,East,Immunology-A,12,Webinar,2,213.88
172,West,Diabetes-A,1,Field,0,110.98
172,West,Diabetes-A,2,Email,1,114.3
172,West,Diabetes-A,3,Webinar,2,182.28
172,West,Diabetes-A,4,Field,3,167.36
172,West,Diabetes-A,5,Email,1,113.95
172,West,Diabetes-A,6,Field,4,213.6
172,West,Diabetes-A,7,Field,3,180.47
172,West,Diabetes-A,8,Webinar,2,141.16
172,West,Diabetes-A,9,Field,6,209.77
172,West,Diabetes-A,10,Field,0,160.44
172,West,Diabetes-A,11,Webinar,2,115.64
172,West,Diabetes-A,12,Webinar,4,146.62
173,North,Oncology-A,1,Field,3,255.95
173,North,Oncology-A,2,Email,3,233.51
173,North,Oncology-A,3,Webinar,2,206.97
173,North,Oncology-A,4,Field,2,214.18
173,North,Oncology-A,5,Email,3,224.67
173,North,Oncology-A,6,Webinar,3,231.84
173,North,Oncology-A,7,Email,2,200.36
173,North,Oncology-A,8,Field,0,175.22
173,North,Oncology-A,9,Field,8,403.21
173,North,Oncology-A,10,Email,3,269.13
173,North,Oncology-A,11,Webinar,0,210.29
173,North,Oncology-A,12,Webinar,2,279.69
174,South,Oncology-B,1,Field,1,78.67
174,South,Oncology-B,2,Field,0,75.98
174,South,Oncology-B,3,Field,3,123.36
174,South,Oncology-B,4,Field,0,166.29
174,South,Oncology-B,5,Field,2,141.19
174,South,Oncology-B,6,Field,6,228.17
174,South,Oncology-B,7,Email,0,97.68
174,South,Oncology-B,8,Email,0,112.27
174,South,Oncology-B,9,Field,1,146.72
174,South,Oncology-B,10,Webinar,2,100.41
174,South,Oncology-B,11,Email,1,105.81
174,South,Oncology-B,12,Email,2,158.6
175,East,Immunology-A,1,Email,1,0.0
175,East,Immunology-A,2,Field,2,65.49
175,East,Immunology-A,3,Field,7,170.52
175,East,Immunology-A,4,Webinar,1,12.01
175,East,Immunology-A,5,Webinar,3,83.63
175,East,Immunology-A,6,Field,1,116.37
175,East,Immunology-A,7,Field,1,57.58
175,East,Immunology-A,8,Email,2,94.21
175,East,Immunology-A,9,Email,5,110.92
175,East,Immunology-A,10,Field,2,72.04
175,East,Immunology-A,11,Field,2,107.34
175,East,Immunology-A,12,Email,2,62.11
176,West,Diabetes-A,1,Webinar,0,63.74
176,West,Diabetes-A,2,Field,1,53.79
176,West,Diabetes-A,3,Field,1,81.73
176,West,Diabetes-A,4,Email,3,67.66
176,West,Diabetes-A,5,Field,1,68.21
176,West,Diabetes-A,6,Email,2,78.08
176,West,Diabetes-A,7,Email,0,23.02
176,West,Diabetes-A,8,Webinar,0,39.94
176,West,Diabetes-A,9,Field,6,172.1
176,West,Diabetes-A,10,Email,3,118.57
176,West,Diabetes-A,11,Field,2,79.43
176,West,Diabetes-A,12,Webinar,2,96.19
177,North,Oncology-A,1,Webinar,1,174.72
177,North,Oncology-A,2,Email,3,257.14
177,North,Oncology-A,3,Webinar,3,275.41
177,North,Oncology-A,4,Field,0,216.65
177,North,Oncology-A,5,Email,3,225.79
177,North,Oncology-A,6,Email,2,240.56
177,North,Oncology-A,7,Field,0,184.18
177,North,Oncology-A,8,Webinar,2,189.77
177,North,Oncology-A,9,Field,4,310.83
177,North,Oncology-A,10,Email,0,197.53
177,North,Oncology-A,11,Email,1,150.99
177,North,Oncology-A,12,Webinar,2,218.92
178,South,Oncology-B,1,Webinar,0,103.59
178,South,Oncology-B,2,Webinar,5,178.43
178,South,Oncology-B,3,Webinar,5,224.84
178,South,Oncology-B,4,Webinar,1,130.47
178,South,Oncology-B,5,Email,2,109.98
178,South,Oncology-B,6,Field,2,152.13
178,South,Oncology-B,7,Email,1,150.16
178,South,Oncology-B,8,Email,0,101.95
178,South,Oncology-B,9,Field,2,158.11
178,South,Oncology-B,10,Webinar,0,103.38
178,South,Oncology-B,11,Field,1,155.21
178,South,Oncology-B,12,Webinar,2,147.48
179,East,Immunology-A,1,Email,2,242.91
179,East,Immunology-A,2,Field,2,245.21
179,East,Immunology-A,3,Email,1,188.17
179,East,Immunology-A,4,Webinar,3,240.75
179,East,Immunology-A,5,Webinar,2,228.89
179,East,Immunology-A,6,Email,2,223.37
179,East,Immunology-A,7,Field,2,257.94
179,East,Immunology-A,8,Email,0,218.87
179,East,Immunology-A,9,Email,3,203.83
179,East,Immunology-A,10,Webinar,0,190.63
179,East,Immunology-A,11,Email,1,226.79
179,East,Immunology-A,12,Webinar,5,331.27
180,West,Diabetes-A,1,Email,1,103.57
180,West,Diabetes-A,2,Email,1,17.04
180,West,Diabetes-A,3,Email,4,147.48
180,West,Diabetes-A,4,Field,1,58.77
180,West,Diabetes-A,5,Email,1,77.4
180,West,Diabetes-A,6,Webinar,1,87.26
180,West,Diabetes-A,7,Webinar,1,86.27
180,West,Diabetes-A,8,Email,2,109.5
180,West,Diabetes-A,9,Field,3,118.51
180,West,Diabetes-A,10,Field,2,74.31
180,West,Diabetes-A,11,Email,2,120.75
180,West,Diabetes-A,12,Webinar,5,111.31
181,North,Oncology-A,1,Webinar,2,158.25
181,North,Oncology-A,2,Webinar,0,100.35
181,North,Oncology-A,3,Email,4,176.24
181,North,Oncology-A,4,Field,5,225.31
181,North,Oncology-A,5,Field,3,158.64
181,North,Oncology-A,6,Field,4,143.16
181,North,Oncology-A,7,Field,1,165.1
181,North,Oncology-A,8,Webinar,1,124.77
181,North,Oncology-A,9,Field,6,233.59
181,North,Oncology-A,10,Email,0,112.54
181,North,Oncology-A,11,Webinar,3,164.12
181,North,Oncology-A,12,Webinar,5,202.97
182,South,Oncology-B,1,Email,3,151.8
182,South,Oncology-B,2,Field,1,69.14
182,South,Oncology-B,3,Field,4,112.96
182,South,Oncology-B,4,Field,0,67.43
182,South,Oncology-B,5,Field,1,100.3
182,South,Oncology-B,6,Field,1,81.94
182,South,Oncology-B,7,Email,1,44.99
182,South,Oncology-B,8,Email,1,87.13
182,South,Oncology-B,9,Webinar,3,144.93
182,South,Oncology-B,10,Field,1,75.41
182,South,Oncology-B,11,Field,1,95.92
182,South,Oncology-B,12,Field,4,185.06
183,East,Immunology-A,1,Webinar,2,96.62
183,East,Immunology-A,2,Webinar,2,67.03
183,East,Immunology-A,3,Email,5,179.15
183,East,Immunology-A,4,Email,2,85.26
183,East,Immunology-A,5,Email,0,76.56
183,East,Immunology-A,6,Webinar,4,130.2
183,East,Immunology-A,7,Webinar,0,89.37
183,East,Immunology-A,8,Field,1,137.82
183,East,Immunology-A,9,Email,2,61.39
183,East,Immunology-A,10,Field,0,69.6
183,East,Immunology-A,11,Email,0,67.3
183,East,Immunology-A,12,Webinar,5,190.97
184,West,Diabetes-A,1,Field,1,138.35
184,West,Diabetes-A,2,Email,1,108.61
184,West,Diabetes-A,3,Field,4,218.45
184,West,Diabetes-A,4,Field,6,249.0
184,West,Diabetes-A,5,Field,0,122.01
184,West,Diabetes-A,6,Email,3,175.0
184,West,Diabetes-A,7,Email,2,145.46
184,West,Diabetes-A,8,Email,1,171.28
184,West,Diabetes-A,9,Email,2,174.24
184,West,Diabetes-A,10,Webinar,1,153.22
184,West,Diabetes-A,11,Field,5,224.04
184,West,Diabetes-A,12,Webinar,5,166.81
185,North,Oncology-A,1,Email,2,86.75
185,North,Oncology-A,2,Field,3,132.79
185,North,Oncology-A,3,Webinar,3,114.54
185,North,Oncology-A,4,Webinar,3,136.45
185,North,Oncology-A,5,Field,3,130.94
185,North,Oncology-A,6,Field,3,140.25
185,North,Oncology-A,7,Field,4,126.0
185,North,Oncology-A,8,Email,4,160.17
185,North,Oncology-A,9,Field,1,50.67
185,North,Oncology-A,10,Field,4,151.82
185,North,Oncology-A,11,Webinar,4,175.95
185,North,Oncology-A,12,Email,1,43.53
186,South,Oncology-B,1,Email,4,114.43
186,South,Oncology-B,2,Field,3,107.09
186,South,Oncology-B,3,Webinar,2,91.4
186,South,Oncology-B,4,Webinar,3,78.41
186,South,Oncology-B,5,Field,1,58.49
186,South,Oncology-B,6,Email,4,98.11
186,South,Oncology-B,7,Webinar,3,64.39
186,South,Oncology-B,8,Webinar,2,118.19
186,South,Oncology-B,9,Email,3,76.75
186,South,Oncology-B,10,Field,3,115.35
186,South,Oncology-B,11,Email,0,72.16
186,South,Oncology-B,12,Webinar,1,58.31
187,East,Immunology-A,1,Webinar,2,135.16
187,East,Immunology-A,2,Field,4,227.59
187,East,Immunology-A,3,Email,5,163.27
187,East,Immunology-A,4,Email,1,122.39
187,East,Immunology-A,5,Webinar,2,144.21
187,East,Immunology-A,6,Email,1,133.31
187,East,Immunology-A,7,Webinar,3,159.08
187,East,Immunology-A,8,Field,1,129.3
187,East,Immunology-A,9,Email,3,158.61
187,East,Immunology-A,10,Field,2,159.57
187,East,Immunology-A,11,Email,2,102.4
187,East,Immunology-A,12,Webinar,4,187.43
188,West,Diabetes-A,1,Webinar,1,261.73
188,West,Diabetes-A,2,Webinar,0,193.43
188,West,Diabetes-A,3,Field,4,274.43
188,West,Diabetes-A,4,Email,1,205.56
188,West,Diabetes-A,5,Email,3,253.78
188,West,Diabetes-A,6,Webinar,3,264.46
188,West,Diabetes-A,7,Email,1,224.17
188,West,Diabetes-A,8,Email,2,260.91
188,West,Diabetes-A,9,Webinar,2,265.77
188,West,Diabetes-A,10,Webinar,0,218.3
188,West,Diabetes-A,11,Field,2,271.79
188,West,Diabetes-A,12,Field,4,295.39
189,North,Oncology-A,1,Field,4,233.23
189,North,Oncology-A,2,Email,1,166.35
189,North,Oncology-A,3,Email,3,201.44
189,North,Oncology-A,4,Field,2,164.73
189,North,Oncology-A,5,Email,2,204.49
189,North,Oncology-A,6,Email,4,232.29
189,North,Oncology-A,7,Webinar,4,238.26
189,North,Oncology-A,8,Email,0,126.44
189,North,Oncology-A,9,Webinar,2,195.09
189,North,Oncology-A,10,Email,5,218.15
189,North,Oncology-A,11,Field,2,168.23
189,North,Oncology-A,12,Email,3,152.88
190,South,Oncology-B,1,Webinar,2,59.0
190,South,Oncology-B,2,Webinar,3,97.16
190,South,Oncology-B,3,Webinar,2,107.15
190,South,Oncology-B,4,Webinar,3,93.81
190,South,Oncology-B,5,Webinar,4,98.34
190,South,Oncology-B,6,Field,3,126.22
190,South,Oncology-B,7,Webinar,3,73.66
190,South,Oncology-B,8,Email,4,73.01
190,South,Oncology-B,9,Field,2,30.24
190,South,Oncology-B,10,Webinar,4,68.68
190,South,Oncology-B,11,Field,4,119.96
190,South,Oncology-B,12,Webinar,3,79.27
191,East,Immunology-A,1,Webinar,3,242.28
191,East,Immunology-A,2,Email,1,289.09
191,East,Immunology-A,3,Webinar,2,217.22
191,East,Immunology-A,4,Field,2,287.99
191,East,Immunology-A,5,Email,3,287.71
191,East,Immunology-A,6,Webinar,4,267.6
191,East,Immunology-A,7,Email,1,230.86
191,East,Immunology-A,8,Webinar,1,265.96
191,East,Immunology-A,9,Field,4,297.92
191,East,Immunology-A,10,Email,3,321.1
191,East,Immunology-A,11,Field,1,272.93
191,East,Immunology-A,12,Field,3,286.08
192,West,Diabetes-A,1,Email,2,175.61
192,West,Diabetes-A,2,Email,7,278.94
192,West,Diabetes-A,3,Webinar,3,234.01
192,West,Diabetes-A,4,Field,0,210.05
192,West,Diabetes-A,5,Email,5,298.25
192,West,Diabetes-A,6,Webinar,5,301.14
192,West,Diabetes-A,7,Email,2,228.39
192,West,Diabetes-A,8,Email,2,234.16
192,West,Diabetes-A,9,Webinar,2,212.96
192,West,Diabetes-A,10,Field,7,293.92
192,West,Diabetes-A,11,Email,2,210.86
192,West,Diabetes-A,12,Email,5,262.65
193,North,Oncology-A,1,Field,3,202.39
193,North,Oncology-A,2,Field,1,177.99
193,North,Oncology-A,3,Webinar,6,217.1
193,North,Oncology-A,4,Webinar,3,228.49
193,North,Oncology-A,5,Email,2,195.79
193,North,Oncology-A,6,Field,2,155.28
193,North,Oncology-A,7,Webinar,4,223.71
193,North,Oncology-A,8,Email,4,210.26
193,North,Oncology-A,9,Webinar,3,215.24
193,North,Oncology-A,10,Email,1,192.09
193,North,Oncology-A,11,Webinar,3,169.18
193,North,Oncology-A,12,Field,1,180.22
194,South,Oncology-B,1,Email,1,115.74
194,South,Oncology-B,2,Webinar,2,111.17
194,South,Oncology-B,3,Email,1,97.09
194,South,Oncology-B,4,Webinar,1,81.85
194,South,Oncology-B,5,Field,0,82.04
194,South,Oncology-B,6,Field,3,142.7
194,South,Oncology-B,7,Field,3,173.39
194,South,Oncology-B,8,Field,1,150.98
194,South,Oncology-B,9,Webinar,2,120.91
194,South,Oncology-B,10,Webinar,2,161.26
194,South,Oncology-B,11,Webinar,2,125.24
194,South,Oncology-B,12,Webinar,3,118.77
195,East,Immunology-A,1,Email,4,192.75
195,East,Immunology-A,2,Webinar,1,137.02
195,East,Immunology-A,3,Field,1,120.94
195,East,Immunology-A,4,Field,2,155.55
195,East,Immunology-A,5,Webinar,3,205.22
195,East,Immunology-A,6,Email,2,189.42
195,East,Immunology-A,7,Webinar,2,163.48
195,East,Immunology-A,8,Webinar,0,101.86
195,East,Immunology-A,9,Field,3,219.42
195,East,Immunology-A,10,Webinar,2,197.63
195,East,Immunology-A,11,Webinar,1,103.16
195,East,Immunology-A,12,Email,2,153.7
196,West,Diabetes-A,1,Email,7,155.28
196,West,Diabetes-A,2,Email,0,24.19
196,West,Diabetes-A,3,Email,4,84.01
196,West,Diabetes-A,4,Field,3,115.91
196,West,Diabetes-A,5,Webinar,3,147.59
196,West,Diabetes-A,6,Webinar,5,122.38
196,West,Diabetes-A,7,Field,5,165.78
196,West,Diabetes-A,8,Email,5,108.48
196,West,Diabetes-A,9,Webinar,3,81.06
196,West,Diabetes-A,10,Webinar,1,66.44
196,West,Diabetes-A,11,Field,3,118.04
196,West,Diabetes-A,12,Webinar,3,117.72
197,North,Oncology-A,1,Email,2,97.91
197,North,Oncology-A,2,Field,2,29.98
197,North,Oncology-A,3,Email,5,122.16
197,North,Oncology-A,4,Webinar,3,135.55
197,North,Oncology-A,5,Webinar,0,37.62
197,North,Oncology-A,6,Webinar,2,117.2
197,North,Oncology-A,7,Email,3,104.49
197,North,Oncology-A,8,Webinar,3,132.8
197,North,Oncology-A,9,Email,2,114.82
197,North,Oncology-A,10,Email,3,127.68
197,North,Oncology-A,11,Email,4,124.7
197,North,Oncology-A,12,Webinar,5,190.74
198,South,Oncology-B,1,Email,2,182.96
198,South,Oncology-B,2,Webinar,2,182.31
198,South,Oncology-B,3,Email,3,172.85
198,South,Oncology-B,4,Field,1,155.82
198,South,Oncology-B,5,Field,0,139.86
198,South,Oncology-B,6,Email,2,171.73
198,South,Oncology-B,7,Field,2,184.1
198,South,Oncology-B,8,Email,1,136.35
198,South,Oncology-B,9,Webinar,3,204.7
198,South,Oncology-B,10,Field,2,200.72
198,South,Oncology-B,11,Webinar,2,166.02
198,South,Oncology-B,12,Webinar,5,228.87
199,East,Immunology-A,1,Webinar,1,53.35
199,East,Immunology-A,2,Webinar,2,64.82
199,East,Immunology-A,3,Field,3,139.88
199,East,Immunology-A,4,Webinar,2,76.3
199,East,Immunology-A,5,Webinar,0,49.78
199,East,Immunology-A,6,Email,2,54.33
199,East,Immunology-A,7,Webinar,4,91.05
199,East,Immunology-A,8,Field,1,88.53
199,East,Immunology-A,9,Webinar,1,31.99
199,East,Immunology-A,10,Webinar,1,18.38
199,East,Immunology-A,11,Webinar,5,154.67
199,East,Immunology-A,12,Field,2,83.93
200,West,Diabetes-A,1,Field,0,80.04
200,West,Diabetes-A,2,Field,1,163.02
200,West,Diabetes-A,3,Webinar,3,136.88
200,West,Diabetes-A,4,Webinar,1,122.77
200,West,Diabetes-A,5,Webinar,4,150.44
200,West,Diabetes-A,6,Field,3,187.2
200,West,Diabetes-A,7,Webinar,4,178.69
200,West,Diabetes-A,8,Webinar,2,93.91
200,West,Diabetes-A,9,Field,2,115.24
200,West,Diabetes-A,10,Email,1,135.12
200,West,Diabetes-A,11,Webinar,1,63.9
200,West,Diabetes-A,12,Email,3,123.83
201,North,Oncology-A,1,Webinar,1,59.48
201,North,Oncology-A,2,Webinar,0,57.71
201,North,Oncology-A,3,Field,4,105.88
201,North,Oncology-A,4,Email,1,34.76
201,North,Oncology-A,5,Email,0,34.03
201,North,Oncology-A,6,Webinar,4,70.69
201,North,Oncology-A,7,Email,1,44.83
201,North,Oncology-A,8,Field,3,34.9
201,North,Oncology-A,9,Webinar,1,92.27
201,North,Oncology-A,10,Webinar,4,120.33
201,North,Oncology-A,11,Email,0,28.27
201,North,Oncology-A,12,Email,3,133.65
202,South,Oncology-B,1,Webinar,2,117.07
202,South,Oncology-B,2,Field,0,89.66
202,South,Oncology-B,3,Webinar,3,125.58
202,South,Oncology-B,4,Email,2,110.89
202,South,Oncology-B,5,Email,2,113.31
202,South,Oncology-B,6,Field,3,116.03
202,South,Oncology-B,7,Email,1,83.09
202,South,Oncology-B,8,Field,1,122.3
202,South,Oncology-B,9,Webinar,2,126.88
202,South,Oncology-B,10,Webinar,3,160.43
202,South,Oncology-B,11,Email,1,152.84
202,South,Oncology-B,12,Email,6,151.0
203,East,Immunology-A,1,Webinar,2,275.96
203,East,Immunology-A,2,Webinar,1,217.46
203,East,Immunology-A,3,Webinar,2,302.98
203,East,Immunology-A,4,Field,1,278.61
203,East,Immunology-A,5,Email,1,250.97
203,East,Immunology-A,6,Email,2,248.94
203,East,Immunology-A,7,Email,1,305.11
203,East,Immunology-A,8,Webinar,3,327.09
203,East,Immunology-A,9,Field,1,320.05
203,East,Immunology-A,10,Field,1,286.7
203,East,Immunology-A,11,Field,1,228.79
203,East,Immunology-A,12,Field,3,277.33
204,West,Diabetes-A,1,Email,1,75.57
204,West,Diabetes-A,2,Field,1,127.49
204,West,Diabetes-A,3,Webinar,2,155.77
204,West,Diabetes-A,4,Webinar,4,184.48
204,West,Diabetes-A,5,Webinar,2,132.11
204,West,Diabetes-A,6,Email,2,115.88
204,West,Diabetes-A,7,Field,3,135.42
204,West,Diabetes-A,8,Email,2,134.24
204,West,Diabetes-A,9,Webinar,2,144.6
204,West,Diabetes-A,10,Field,2,129.46
204,West,Diabetes-A,11,Email,4,179.11
204,West,Diabetes-A,12,Webinar,2,143.64
205,North,Oncology-A,1,Field,2,143.32
205,North,Oncology-A,2,Field,0,145.77
205,North,Oncology-A,3,Email,6,275.19
205,North,Oncology-A,4,Webinar,0,108.7
205,North,Oncology-A,5,Webinar,0,141.04
205,North,Oncology-A,6,Field,2,121.22
205,North,Oncology-A,7,Field,1,164.21
205,North,Oncology-A,8,Field,3,154.2
205,North,Oncology-A,9,Email,4,162.1
205,North,Oncology-A,10,Field,1,130.06
205,North,Oncology-A,11,Email,2,158.71
205,North,Oncology-A,12,Webinar,2,119.13
206,South,Oncology-B,1,Field,1,50.03
206,South,Oncology-B,2,Email,3,78.37
206,South,Oncology-B,3,Webinar,4,126.1
206,South,Oncology-B,4,Email,0,59.47
206,South,Oncology-B,5,Webinar,0,89.73
206,South,Oncology-B,6,Field,5,108.99
206,South,Oncology-B,7,Email,3,143.29
206,South,Oncology-B,8,Field,0,53.46
206,South,Oncology-B,9,Webinar,1,15.25
206,South,Oncology-B,10,Field,1,3.33
206,South,Oncology-B,11,Webinar,2,46.2
206,South,Oncology-B,12,Email,4,108.66
207,East,Immunology-A,1,Webinar,3,161.91
207,East,Immunology-A,2,Field,2,199.37
207,East,Immunology-A,3,Webinar,2,156.18
207,East,Immunology-A,4,Webinar,2,170.74
207,East,Immunology-A,5,Field,3,146.49
207,East,Immunology-A,6,Field,1,96.03
207,East,Immunology-A,7,Email,1,168.54
207,East,Immunology-A,8,Webinar,1,143.09
207,East,Immunology-A,9,Email,4,193.72
207,East,Immunology-A,10,Email,1,121.65
207,East,Immunology-A,11,Webinar,1,159.71
207,East,Immunology-A,12,Webinar,4,170.16
208,West,Diabetes-A,1,Webinar,1,88.65
208,West,Diabetes-A,2,Email,5,206.67
208,West,Diabetes-A,3,Webinar,2,164.74
208,West,Diabetes-A,4,Email,4,173.8
208,West,Diabetes-A,5,Webinar,4,182.47
208,West,Diabetes-A,6,Field,4,171.28
208,West,Diabetes-A,7,Webinar,2,163.3
208,West,Diabetes-A,8,Field,0,106.68
208,West,Diabetes-A,9,Email,3,166.01
208,West,Diabetes-A,10,Email,0,104.32
208,West,Diabetes-A,11,Field,0,121.32
208,West,Diabetes-A,12,Email,3,172.48
209,North,Oncology-A,1,Email,2,93.27
209,North,Oncology-A,2,Email,2,27.64
209,North,Oncology-A,3,Field,4,114.05
209,North,Oncology-A,4,Field,4,96.54
209,North,Oncology-A,5,Field,1,10.84
209,North,Oncology-A,6,Email,2,57.86
209,North,Oncology-A,7,Email,1,84.81
209,North,Oncology-A,8,Webinar,3,74.78
209,North,Oncology-A,9,Email,3,79.69
209,North,Oncology-A,10,Webinar,1,61.23
209,North,Oncology-A,11,Email,4,110.03
209,North,Oncology-A,12,Webinar,3,53.45
210,South,Oncology-B,1,Webinar,2,121.77
210,South,Oncology-B,2,Email,4,219.09
210,South,Oncology-B,3,Field,2,116.75
210,South,Oncology-B,4,Webinar,1,103.6
210,South,Oncology-B,5,Email,4,208.37
210,South,Oncology-B,6,Webinar,2,156.32
210,South,Oncology-B,7,Email,1,137.43
210,South,Oncology-B,8,Email,1,160.23
210,South,Oncology-B,9,Email,4,165.41
210,South,Oncology-B,10,Webinar,1,105.78
210,South,Oncology-B,11,Webinar,2,178.97
210,South,Oncology-B,12,Field,3,197.59
211,East,Immunology-A,1,Field,0,141.81
211,East,Immunology-A,2,Webinar,4,187.21
211,East,Immunology-A,3,Field,3,181.84
211,East,Immunology-A,4,Webinar,1,147.84
211,East,Immunology-A,5,Webinar,1,154.03
211,East,Immunology-A,6,Email,5,241.72
211,East,Immunology-A,7,Webinar,2,150.18
211,East,Immunology-A,8,Field,0,159.4
211,East,Immunology-A,9,Email,2,162.27
211,East,Immunology-A,10,Field,2,149.27
211,East,Immunology-A,11,Webinar,0,172.83
211,East,Immunology-A,12,Field,3,195.47
212,West,Diabetes-A,1,Field,1,142.79
212,West,Diabetes-A,2,Email,2,175.67
212,West,Diabetes-A,3,Field,2,210.05
212,West,Diabetes-A,4,Webinar,2,163.76
212,West,Diabetes-A,5,Field,4,265.99
212,West,Diabetes-A,6,Webinar,2,155.17
212,West,Diabetes-A,7,Field,6,273.32
212,West,Diabetes-A,8,Field,2,177.76
212,West,Diabetes-A,9,Webinar,3,222.61
212,West,Diabetes-A,10,Email,1,158.38
212,West,Diabetes-A,11,Field,1,158.9
212,West,Diabetes-A,12,Email,5,235.21
213,North,Oncology-A,1,Webinar,2,221.17
213,North,Oncology-A,2,Webinar,1,198.27
213,North,Oncology-A,3,Webinar,2,174.85
213,North,Oncology-A,4,Webinar,1,214.05
213,North,Oncology-A,5,Webinar,6,301.2
213,North,Oncology-A,6,Email,2,188.55
213,North,Oncology-A,7,Field,0,211.47
213,North,Oncology-A,8,Email,0,182.6
213,North,Oncology-A,9,Field,3,205.94
213,North,Oncology-A,10,Field,4,251.66
213,North,Oncology-A,11,Field,1,207.71
213,North,Oncology-A,12,Webinar,2,205.29
214,South,Oncology-B,1,Webinar,1,95.06
214,South,Oncology-B,2,Webinar,2,76.35
214,South,Oncology-B,3,Field,5,172.05
214,South,Oncology-B,4,Webinar,5,184.38
214,South,Oncology-B,5,Webinar,4,82.48
214,South,Oncology-B,6,Field,6,167.56
214,South,Oncology-B,7,Webinar,5,117.72
214,South,Oncology-B,8,Webinar,1,30.26
214,South,Oncology-B,9,Email,2,108.83
214,South,Oncology-B,10,Field,3,142.17
214,South,Oncology-B,11,Field,4,103.79
214,South,Oncology-B,12,Webinar,2,80.86
215,East,Immunology-A,1,Webinar,0,36.3
215,East,Immunology-A,2,Webinar,2,122.59
215,East,Immunology-A,3,Webinar,3,84.45
215,East,Immunology-A,4,Field,1,80.89
215,East,Immunology-A,5,Email,1,40.89
215,East,Immunology-A,6,Email,2,46.91
215,East,Immunology-A,7,Webinar,2,84.24
215,East,Immunology-A,8,Webinar,2,98.86
215,East,Immunology-A,9,Webinar,1,116.2
215,East,Immunology-A,10,Email,2,76.26
215,East,Immunology-A,11,Email,2,78.49
215,East,Immunology-A,12,Field,4,123.45
216,West,Diabetes-A,1,Field,0,60.45
216,West,Diabetes-A,2,Webinar,1,59.03
216,West,Diabetes-A,3,Email,3,43.28
216,West,Diabetes-A,4,Email,3,60.96
216,West,Diabetes-A,5,Email,2,93.28
216,West,Diabetes-A,6,Field,4,141.24
216,West,Diabetes-A,7,Email,2,54.4
216,West,Diabetes-A,8,Field,2,58.18
216,West,Diabetes-A,9,Field,2,62.52
216,West,Diabetes-A,10,Field,4,115.18
216,West,Diabetes-A,11,Field,0,0.66
216,West,Diabetes-A,12,Webinar,3,97.0
217,North,Oncology-A,1,Email,2,130.52
217,North,Oncology-A,2,Email,4,166.73
217,North,Oncology-A,3,Field,6,222.63
217,North,Oncology-A,4,Email,0,119.0
217,North,Oncology-A,5,Email,1,128.46
217,North,Oncology-A,6,Field,3,138.7
217,North,Oncology-A,7,Webinar,2,133.64
217,North,Oncology-A,8,Email,4,161.77
217,North,Oncology-A,9,Webinar,1,132.22
217,North,Oncology-A,10,Email,1,117.86
217,North,Oncology-A,11,Field,1,132.18
217,North,Oncology-A,12,Webinar,2,142.28
218,South,Oncology-B,1,Email,3,318.58
218,South,Oncology-B,2,Webinar,1,258.79
218,South,Oncology-B,3,Webinar,5,350.81
218,South,Oncology-B,4,Webinar,2,297.78
218,South,Oncology-B,5,Field,0,259.73
218,South,Oncology-B,6,Email,2,299.96
218,South,Oncology-B,7,Field,4,375.32
218,South,Oncology-B,8,Webinar,0,222.25
218,South,Oncology-B,9,Field,1,277.83
218,South,Oncology-B,10,Email,1,329.64
218,South,Oncology-B,11,Field,2,302.6
218,South,Oncology-B,12,Email,3,339.47
219,East,Immunology-A,1,Field,2,97.95
219,East,Immunology-A,2,Field,4,168.41
219,East,Immunology-A,3,Email,2,104.64
219,East,Immunology-A,4,Email,0,73.22
219,East,Immunology-A,5,Email,1,95.47
219,East,Immunology-A,6,Field,7,214.58
219,East,Immunology-A,7,Email,1,86.17
219,East,Immunology-A,8,Field,1,75.77
219,East,Immunology-A,9,Webinar,3,104.42
219,East,Immunology-A,10,Email,5,178.15
219,East,Immunology-A,11,Webinar,1,92.76
219,East,Immunology-A,12,Email,4,126.64
220,West,Diabetes-A,1,Email,3,360.66
220,West,Diabetes-A,2,Webinar,4,287.32
220,West,Diabetes-A,3,Webinar,3,293.08
220,West,Diabetes-A,4,Field,0,250.51
220,West,Diabetes-A,5,Webinar,2,267.49
220,West,Diabetes-A,6,Field,3,319.06
220,West,Diabetes-A,7,Field,1,250.11
220,West,Diabetes-A,8,Email,0,242.74
220,West,Diabetes-A,9,Field,3,267.95
220,West,Diabetes-A,10,Field,4,335.04
220,West,Diabetes-A,11,Field,4,318.66
220,West,Diabetes-A,12,Email,5,325.81
221,North,Oncology-A,1,Email,1,177.05
221,North,Oncology-A,2,Field,1,185.86
221,North,Oncology-A,3,Webinar,3,242.87
221,North,Oncology-A,4,Field,3,236.69
221,North,Oncology-A,5,Field,2,217.38
221,North,Oncology-A,6,Webinar,4,265.34
221,North,Oncology-A,7,Field,2,213.12
221,North,Oncology-A,8,Email,1,178.77
221,North,Oncology-A,9,Field,3,177.25
221,North,Oncology-A,10,Field,0,171.89
221,North,Oncology-A,11,Email,4,257.5
221,North,Oncology-A,12,Webinar,2,191.52
222,South,Oncology-B,1,Email,3,163.58
222,South,Oncology-B,2,Field,4,213.85
222,South,Oncology-B,3,Email,2,164.16
222,South,Oncology-B,4,Webinar,2,143.01
222,South,Oncology-B,5,Email,2,177.73
222,South,Oncology-B,6,Field,2,126.37
222,South,Oncology-B,7,Field,3,219.22
222,South,Oncology-B,8,Webinar,2,140.06
222,South,Oncology-B,9,Field,4,216.34
222,South,Oncology-B,10,Webinar,0,123.71
222,South,Oncology-B,11,Webinar,1,173.46
222,South,Oncology-B,12,Field,5,177.62
223,East,Immunology-A,1,Webinar,6,188.71
223,East,Immunology-A,2,Webinar,0,79.73
223,East,Immunology-A,3,Email,2,100.51
223,East,Immunology-A,4,Field,0,64.39
223,East,Immunology-A,5,Webinar,0,71.86
223,East,Immunology-A,6,Email,3,106.32
223,East,Immunology-A,7,Field,0,110.29
223,East,Immunology-A,8,Webinar,1,99.61
223,East,Immunology-A,9,Email,4,102.74
223,East,Immunology-A,10,Email,1,76.86
223,East,Immunology-A,11,Email,3,118.02
223,East,Immunology-A,12,Webinar,4,162.47
224,West,Diabetes-A,1,Webinar,2,104.27
224,West,Diabetes-A,2,Field,2,170.69
224,West,Diabetes-A,3,Webinar,3,141.46
224,West,Diabetes-A,4,Field,5,224.22
224,West,Diabetes-A,5,Webinar,1,168.62
224,West,Diabetes-A,6,Webinar,2,119.79
224,West,Diabetes-A,7,Webinar,2,175.56
224,West,Diabetes-A,8,Field,4,152.75
224,West,Diabetes-A,9,Field,3,158.54
224,West,Diabetes-A,10,Field,1,108.28
224,West,Diabetes-A,11,Webinar,3,151.8
224,West,Diabetes-A,12,Field,5,168.25
225,North,Oncology-A,1,Field,2,85.09
225,North,Oncology-A,2,Email,1,74.72
225,North,Oncology-A,3,Email,2,90.36
225,North,Oncology-A,4,Email,3,132.14
225,North,Oncology-A,5,Field,3,124.19
225,North,Oncology-A,6,Field,4,180.6
225,North,Oncology-A,7,Webinar,2,86.27
225,North,Oncology-A,8,Email,2,67.78
225,North,Oncology-A,9,Email,3,62.5
225,North,Oncology-A,10,Email,2,75.7
225,North,Oncology-A,11,Webinar,3,109.83
225,North,Oncology-A,12,Webinar,3,90.22
226,South,Oncology-B,1,Field,1,192.7
226,South,Oncology-B,2,Field,3,221.41
226,South,Oncology-B,3,Webinar,6,288.09
226,South,Oncology-B,4,Email,3,222.29
226,South,Oncology-B,5,Field,2,181.13
226,South,Oncology-B,6,Field,5,270.38
226,South,Oncology-B,7,Webinar,0,151.67
226,South,Oncology-B,8,Webinar,3,214.26
226,South,Oncology-B,9,Webinar,7,253.94
226,South,Oncology-B,10,Field,4,168.53
226,South,Oncology-B,11,Webinar,1,144.67
226,South,Oncology-B,12,Webinar,4,217.41
227,East,Immunology-A,1,Field,1,145.15
227,East,Immunology-A,2,Field,0,141.64
227,East,Immunology-A,3,Email,1,150.49
227,East,Immunology-A,4,Email,1,138.85
227,East,Immunology-A,5,Email,3,167.01
227,East,Immunology-A,6,Email,2,188.44
227,East,Immunology-A,7,Email,3,186.94
227,East,Immunology-A,8,Webinar,2,194.36
227,East,Immunology-A,9,Webinar,3,200.61
227,East,Immunology-A,10,Webinar,0,121.9
227,East,Immunology-A,11,Field,0,98.19
227,East,Immunology-A,12,Email,2,166.99
228,West,Diabetes-A,1,Field,3,141.26
228,West,Diabetes-A,2,Webinar,4,127.08
228,West,Diabetes-A,3,Email,3,171.04
228,West,Diabetes-A,4,Field,2,134.78
228,West,Diabetes-A,5,Webinar,1,103.08
228,West,Diabetes-A,6,Field,3,136.13
228,West,Diabetes-A,7,Webinar,0,102.19
228,West,Diabetes-A,8,Field,0,102.29
228,West,Diabetes-A,9,Email,4,117.6
228,West,Diabetes-A,10,Field,4,141.04
228,West,Diabetes-A,11,Email,2,96.54
228,West,Diabetes-A,12,Email,1,148.45
229,North,Oncology-A,1,Email,2,100.76
229,North,Oncology-A,2,Email,3,125.5
229,North,Oncology-A,3,Webinar,4,176.16
229,North,Oncology-A,4,Webinar,0,93.2
229,North,Oncology-A,5,Email,2,106.19
229,North,Oncology-A,6,Email,2,120.82
229,North,Oncology-A,7,Webinar,0,81.65
229,North,Oncology-A,8,Field,2,85.35
229,North,Oncology-A,9,Email,4,152.33
229,North,Oncology-A,10,Webinar,3,86.3
229,North,Oncology-A,11,Webinar,0,75.26
229,North,Oncology-A,12,Field,2,131.34
230,South,Oncology-B,1,Email,1,201.44
230,South,Oncology-B,2,Field,4,279.08
230,South,Oncology-B,3,Webinar,2,233.71
230,South,Oncology-B,4,Field,3,233.98
230,South,Oncology-B,5,Email,1,204.18
230,South,Oncology-B,6,Field,4,301.63
230,South,Oncology-B,7,Email,0,190.51
230,South,Oncology-B,8,Email,0,184.32
230,South,Oncology-B,9,Email,2,237.42
230,South,Oncology-B,10,Webinar,3,213.21
230,South,Oncology-B,11,Email,1,179.36
230,South,Oncology-B,12,Email,2,266.55
231,East,Immunology-A,1,Webinar,1,221.68
231,East,Immunology-A,2,Webinar,0,184.58
231,East,Immunology-A,3,Field,5,262.03
231,East,Immunology-A,4,Field,3,272.49
231,East,Immunology-A,5,Webinar,1,229.31
231,East,Immunology-A,6,Field,3,284.02
231,East,Immunology-A,7,Email,2,248.53
231,East,Immunology-A,8,Webinar,4,265.07
231,East,Immunology-A,9,Field,4,275.61
231,East,Immunology-A,10,Field,3,226.08
231,East,Immunology-A,11,Field,2,250.97
231,East,Immunology-A,12,Webinar,3,257.55
232,West,Diabetes-A,1,Field,2,141.12
232,West,Diabetes-A,2,Email,2,108.25
232,West,Diabetes-A,3,Webinar,2,136.44
232,West,Diabetes-A,4,Webinar,1,108.91
232,West,Diabetes-A,5,Webinar,3,164.51
232,West,Diabetes-A,6,Webinar,2,71.22
232,West,Diabetes-A,7,Field,3,137.25
232,West,Diabetes-A,8,Email,2,102.43
232,West,Diabetes-A,9,Email,3,83.06
232,West,Diabetes-A,10,Field,3,135.47
232,West,Diabetes-A,11,Webinar,2,97.63
232,West,Diabetes-A,12,Email,5,134.77
233,North,Oncology-A,1,Webinar,3,90.46
233,North,Oncology-A,2,Field,1,58.56
233,North,Oncology-A,3,Field,2,58.97
233,North,Oncology-A,4,Webinar,3,102.7
233,North,Oncology-A,5,Webinar,1,61.03
233,North,Oncology-A,6,Email,3,99.44
233,North,Oncology-A,7,Field,3,100.75
233,North,Oncology-A,8,Webinar,2,101.63
233,North,Oncology-A,9,Webinar,3,142.61
233,North,Oncology-A,10,Email,2,67.0
233,North,Oncology-A,11,Email,2,76.97
233,North,Oncology-A,12,Field,3,133.94
234,South,Oncology-B,1,Webinar,1,54.42
234,South,Oncology-B,2,Email,1,51.88
234,South,Oncology-B,3,Webinar,1,45.67
234,South,Oncology-B,4,Webinar,1,9.72
234,South,Oncology-B,5,Webinar,2,114.22
234,South,Oncology-B,6,Webinar,5,116.49
234,South,Oncology-B,7,Field,1,51.0
234,South,Oncology-B,8,Email,1,70.37
234,South,Oncology-B,9,Webinar,3,124.01
234,South,Oncology-B,10,Webinar,2,76.9
234,South,Oncology-B,11,Field,1,46.77
234,South,Oncology-B,12,Email,2,125.1
235,East,Immunology-A,1,Email,4,101.53
235,East,Immunology-A,2,Email,3,100.26
235,East,Immunology-A,3,Email,5,138.36
235,East,Immunology-A,4,Webinar,1,42.7
235,East,Immunology-A,5,Webinar,2,69.73
235,East,Immunology-A,6,Field,5,124.52
235,East,Immunology-A,7,Webinar,0,11.58
235,East,Immunology-A,8,Email,0,77.54
235,East,Immunology-A,9,Email,1,54.51
235,East,Immunology-A,10,Webinar,3,108.15
235,East,Immunology-A,11,Webinar,3,95.51
235,East,Immunology-A,12,Email,2,87.2
236,West,Diabetes-A,1,Email,1,97.91
236,West,Diabetes-A,2,Webinar,1,161.95
236,West,Diabetes-A,3,Webinar,2,162.75
236,West,Diabetes-A,4,Field,1,122.28
236,West,Diabetes-A,5,Email,1,169.49
236,West,Diabetes-A,6,Field,6,267.53
236,West,Diabetes-A,7,Field,1,182.69
236,West,Diabetes-A,8,Field,1,135.64
236,West,Diabetes-A,9,Email,2,109.47
236,West,Diabetes-A,10,Field,2,217.25
236,West,Diabetes-A,11,Field,1,151.78
236,West,Diabetes-A,12,Field,2,176.52
237,North,Oncology-A,1,Field,1,172.07
237,North,Oncology-A,2,Email,1,135.71
237,North,Oncology-A,3,Field,4,256.59
237,North,Oncology-A,4,Email,1,153.47
237,North,Oncology-A,5,Email,1,157.75
237,North,Oncology-A,6,Email,3,191.54
237,North,Oncology-A,7,Webinar,3,199.56
237,North,Oncology-A,8,Email,3,170.37
237,North,Oncology-A,9,Field,4,211.54
237,North,Oncology-A,10,Field,2,168.76
237,North,Oncology-A,11,Email,3,137.88
237,North,Oncology-A,12,Email,2,193.61
238,South,Oncology-B,1,Field,0,0.0
238,South,Oncology-B,2,Field,1,79.99
238,South,Oncology-B,3,Field,4,113.9
238,South,Oncology-B,4,Webinar,1,87.24
238,South,Oncology-B,5,Email,0,52.02
238,South,Oncology-B,6,Email,1,47.72
238,South,Oncology-B,7,Webinar,1,30.77
238,South,Oncology-B,8,Field,1,61.51
238,South,Oncology-B,9,Email,4,117.72
238,South,Oncology-B,10,Email,2,86.56
238,South,Oncology-B,11,Field,3,43.31
238,South,Oncology-B,12,Field,5,110.09
239,East,Immunology-A,1,Field,2,272.53
239,East,Immunology-A,2,Field,1,257.49
239,East,Immunology-A,3,Field,7,345.82
239,East,Immunology-A,4,Webinar,1,259.72
239,East,Immunology-A,5,Email,1,231.98
239,East,Immunology-A,6,Webinar,2,281.0
239,East,Immunology-A,7,Field,1,258.02
239,East,Immunology-A,8,Field,5,306.79
239,East,Immunology-A,9,Webinar,2,278.26
239,East,Immunology-A,10,Email,2,234.78
239,East,Immunology-A,11,Webinar,0,217.83
239,East,Immunology-A,12,Field,1,274.4
240,West,Diabetes-A,1,Field,7,185.35
240,West,Diabetes-A,2,Webinar,1,70.62
240,West,Diabetes-A,3,Email,1,87.41
240,West,Diabetes-A,4,Field,2,87.78
240,West,Diabetes-A,5,Field,1,102.84
240,West,Diabetes-A,6,Webinar,1,84.71
240,West,Diabetes-A,7,Webinar,0,89.24
240,West,Diabetes-A,8,Webinar,3,172.97
240,West,Diabetes-A,9,Email,2,96.4
240,West,Diabetes-A,10,Field,2,100.43
240,West,Diabetes-A,11,Field,5,177.87
240,West,Diabetes-A,12,Field,2,162.83
241,North,Oncology-A,1,Email,2,40.57
241,North,Oncology-A,2,Field,1,120.17
241,North,Oncology-A,3,Field,3,94.31
241,North,Oncology-A,4,Webinar,1,61.81
241,North,Oncology-A,5,Field,1,70.53
241,North,Oncology-A,6,Email,5,151.99
241,North,Oncology-A,7,Email,1,24.21
241,North,Oncology-A,8,Webinar,2,28.4
241,North,Oncology-A,9,Field,3,38.36
241,North,Oncology-A,10,Field,1,73.51
241,North,Oncology-A,11,Field,2,87.39
241,North,Oncology-A,12,Webinar,2,98.22
242,South,Oncology-B,1,Webinar,1,129.7
242,South,Oncology-B,2,Email,3,155.34
242,South,Oncology-B,3,Webinar,2,201.08
242,South,Oncology-B,4,Field,1,128.93
242,South,Oncology-B,5,Webinar,1,146.66
242,South,Oncology-B,6,Field,4,218.75
242,South,Oncology-B,7,Webinar,1,131.69
242,South,Oncology-B,8,Field,2,155.17
242,South,Oncology-B,9,Field,3,150.47
242,South,Oncology-B,10,Webinar,2,147.39
242,South,Oncology-B,11,Webinar,1,106.92
242,South,Oncology-B,12,Webinar,3,162.32
243,East,Immunology-A,1,Webinar,3,135.92
243,East,Immunology-A,2,Email,1,69.45
243,East,Immunology-A,3,Field,2,101.11
243,East,Immunology-A,4,Email,3,132.92
243,East,Immunology-A,5,Email,0,132.28
243,East,Immunology-A,6,Webinar,4,175.66
243,East,Immunology-A,7,Webinar,5,134.5
243,East,Immunology-A,8,Webinar,2,150.76
243,East,Immunology-A,9,Field,4,166.3
243,East,Immunology-A,10,Field,1,121.67
243,East,Immunology-A,11,Email,1,62.51
243,East,Immunology-A,12,Email,3,103.17
244,West,Diabetes-A,1,Field,3,222.17
244,West,Diabetes-A,2,Email,1,131.66
244,West,Diabetes-A,3,Field,4,242.28
244,West,Diabetes-A,4,Webinar,1,135.45
244,West,Diabetes-A,5,Field,4,216.84
244,West,Diabetes-A,6,Webinar,2,151.21
244,West,Diabetes-A,7,Email,1,212.14
244,West,Diabetes-A,8,Webinar,2,95.17
244,West,Diabetes-A,9,Webinar,2,130.89
244,West,Diabetes-A,10,Email,1,146.45
244,West,Diabetes-A,11,Webinar,2,187.4
244,West,Diabetes-A,12,Webinar,4,229.67
245,North,Oncology-A,1,Field,5,206.83
245,North,Oncology-A,2,Email,2,121.49
245,North,Oncology-A,3,Email,3,115.75
245,North,Oncology-A,4,Webinar,0,95.52
245,North,Oncology-A,5,Field,1,83.7
245,North,Oncology-A,6,Field,2,182.37
245,North,Oncology-A,7,Webinar,3,128.66
245,North,Oncology-A,8,Email,1,110.94
245,North,Oncology-A,9,Email,2,170.32
245,North,Oncology-A,10,Webinar,1,63.91
245,North,Oncology-A,11,Webinar,4,131.65
245,North,Oncology-A,12,Email,5,204.94
246,South,Oncology-B,1,Webinar,2,174.13
246,South,Oncology-B,2,Field,1,248.9
246,South,Oncology-B,3,Webinar,2,178.59
246,South,Oncology-B,4,Email,1,188.76
246,South,Oncology-B,5,Email,1,223.23
246,South,Oncology-B,6,Field,2,242.18
246,South,Oncology-B,7,Field,1,176.88
246,South,Oncology-B,8,Webinar,0,173.26
246,South,Oncology-B,9,Field,1,175.36
246,South,Oncology-B,10,Webinar,2,241.91
246,South,Oncology-B,11,Field,4,248.27
246,South,Oncology-B,12,Email,2,210.33
247,East,Immunology-A,1,Field,5,141.64
247,East,Immunology-A,2,Webinar,3,155.66
247,East,Immunology-A,3,Webinar,4,123.17
247,East,Immunology-A,4,Email,5,189.4
247,East,Immunology-A,5,Email,4,94.05
247,East,Immunology-A,6,Field,3,148.74
247,East,Immunology-A,7,Email,2,127.92
247,East,Immunology-A,8,Field,3,194.6
247,East,Immunology-A,9,Webinar,4,203.66
247,East,Immunology-A,10,Webinar,2,76.52
247,East,Immunology-A,11,Field,3,175.31
247,East,Immunology-A,12,Webinar,2,119.46
248,West,Diabetes-A,1,Email,3,159.77
248,West,Diabetes-A,2,Email,1,166.61
248,West,Diabetes-A,3,Field,3,162.93
248,West,Diabetes-A,4,Email,0,131.44
248,West,Diabetes-A,5,Webinar,3,201.4
248,West,Diabetes-A,6,Webinar,6,216.36
248,West,Diabetes-A,7,Webinar,4,214.37
248,West,Diabetes-A,8,Webinar,2,194.89
248,West,Diabetes-A,9,Webinar,1,103.86
248,West,Diabetes-A,10,Email,4,190.36
248,West,Diabetes-A,11,Webinar,0,128.24
248,West,Diabetes-A,12,Email,3,166.69
249,North,Oncology-A,1,Email,1,100.29
249,North,Oncology-A,2,Email,1,89.41
249,North,Oncology-A,3,Field,4,188.35
249,North,Oncology-A,4,Email,2,145.74
249,North,Oncology-A,5,Field,1,125.69
249,North,Oncology-A,6,Email,4,141.49
249,North,Oncology-A,7,Field,2,103.08
249,North,Oncology-A,8,Webinar,2,142.73
249,North,Oncology-A,9,Email,4,154.36
249,North,Oncology-A,10,Webinar,2,121.33
249,North,Oncology-A,11,Webinar,1,89.43
249,North,Oncology-A,12,Email,4,142.4
250,South,Oncology-B,1,Email,2,197.52
250,South,Oncology-B,2,Webinar,1,158.71
250,South,Oncology-B,3,Email,4,207.8
250,South,Oncology-B,4,Email,4,258.3
250,South,Oncology-B,5,Email,4,222.75
250,South,Oncology-B,6,Webinar,5,183.93
250,South,Oncology-B,7,Email,2,158.68
250,South,Oncology-B,8,Webinar,0,143.88
250,South,Oncology-B,9,Field,8,305.93
250,South,Oncology-B,10,Email,2,191.77
250,South,Oncology-B,11,Field,4,217.21
250,South,Oncology-B,12,Field,3,204.19
251,East,Immunology-A,1,Field,4,138.96
251,East,Immunology-A,2,Field,3,87.43
251,East,Immunology-A,3,Field,3,162.06
251,East,Immunology-A,4,Field,2,126.15
251,East,Immunology-A,5,Email,1,64.95
251,East,Immunology-A,6,Email,3,134.98
251,East,Immunology-A,7,Webinar,8,212.7
251,East,Immunology-A,8,Webinar,1,121.15
251,East,Immunology-A,9,Webinar,4,133.97
251,East,Immunology-A,10,Email,3,126.58
251,East,Immunology-A,11,Webinar,2,74.71
251,East,Immunology-A,12,Email,5,171.74
252,West,Diabetes-A,1,Field,5,301.12
252,West,Diabetes-A,2,Field,4,261.67
252,West,Diabetes-A,3,Webinar,2,228.48
252,West,Diabetes-A,4,Field,2,194.12
252,West,Diabetes-A,5,Webinar,6,281.1
252,West,Diabetes-A,6,Email,3,288.93
252,West,Diabetes-A,7,Field,2,241.16
252,West,Diabetes-A,8,Field,2,229.22
252,West,Diabetes-A,9,Email,1,236.68
252,West,Diabetes-A,10,Email,4,259.76
252,West,Diabetes-A,11,Webinar,3,262.1
252,West,Diabetes-A,12,Field,6,307.98
253,North,Oncology-A,1,Field,2,223.27
253,North,Oncology-A,2,Email,1,195.83
253,North,Oncology-A,3,Field,2,232.46
253,North,Oncology-A,4,Field,3,217.22
253,North,Oncology-A,5,Field,5,372.19
253,North,Oncology-A,6,Webinar,4,267.78
253,North,Oncology-A,7,Field,1,209.11
253,North,Oncology-A,8,Webinar,5,315.6
253,North,Oncology-A,9,Webinar,2,243.78
253,North,Oncology-A,10,Email,6,332.58
253,North,Oncology-A,11,Email,0,173.65
253,North,Oncology-A,12,Email,5,340.44
254,South,Oncology-B,1,Email,3,84.4
254,South,Oncology-B,2,Field,4,147.89
254,South,Oncology-B,3,Field,4,170.91
254,South,Oncology-B,4,Webinar,3,103.25
254,South,Oncology-B,5,Webinar,7,179.9
254,South,Oncology-B,6,Webinar,1,59.75
254,South,Oncology-B,7,Webinar,2,100.87
254,South,Oncology-B,8,Field,4,177.37
254,South,Oncology-B,9,Email,4,159.77
254,South,Oncology-B,10,Webinar,2,140.35
254,South,Oncology-B,11,Field,2,108.46
254,South,Oncology-B,12,Field,4,140.96
255,East,Immunology-A,1,Field,1,44.44
255,East,Immunology-A,2,Email,1,58.39
255,East,Immunology-A,3,Email,3,120.4
255,East,Immunology-A,4,Field,1,142.62
255,East,Immunology-A,5,Email,3,93.23
255,East,Immunology-A,6,Field,6,175.34
255,East,Immunology-A,7,Webinar,6,199.64
255,East,Immunology-A,8,Email,1,107.12
255,East,Immunology-A,9,Email,3,78.11
255,East,Immunology-A,10,Email,1,68.14
255,East,Immunology-A,11,Field,3,111.45
255,East,Immunology-A,12,Webinar,2,100.25
256,West,Diabetes-A,1,Webinar,3,274.94
256,West,Diabetes-A,2,Field,2,254.45
256,West,Diabetes-A,3,Field,4,254.62
256,West,Diabetes-A,4,Email,3,206.0
256,West,Diabetes-A,5,Field,2,233.49
256,West,Diabetes-A,6,Field,3,321.03
256,West,Diabetes-A,7,Email,0,174.9
256,West,Diabetes-A,8,Field,0,196.53
256,West,Diabetes-A,9,Field,3,273.8
256,West,Diabetes-A,10,Email,2,234.02
256,West,Diabetes-A,11,Field,0,234.59
256,West,Diabetes-A,12,Webinar,2,236.67
257,North,Oncology-A,1,Email,2,105.38
257,North,Oncology-A,2,Webinar,1,92.83
257,North,Oncology-A,3,Field,4,156.99
257,North,Oncology-A,4,Webinar,5,177.98
257,North,Oncology-A,5,Field,1,85.17
257,North,Oncology-A,6,Email,3,79.04
257,North,Oncology-A,7,Webinar,0,63.34
257,North,Oncology-A,8,Field,2,124.01
257,North,Oncology-A,9,Email,3,105.29
257,North,Oncology-A,10,Webinar,2,91.97
257,North,Oncology-A,11,Webinar,1,89.35
257,North,Oncology-A,12,Field,5,167.03
258,South,Oncology-B,1,Field,0,128.9
258,South,Oncology-B,2,Field,0,78.52
258,South,Oncology-B,3,Field,4,169.48
258,South,Oncology-B,4,Webinar,2,97.55
258,South,Oncology-B,5,Email,0,107.66
258,South,Oncology-B,6,Field,4,193.59
258,South,Oncology-B,7,Webinar,0,103.76
258,South,Oncology-B,8,Webinar,3,157.25
258,South,Oncology-B,9,Webinar,1,88.99
258,South,Oncology-B,10,Field,3,147.58
258,South,Oncology-B,11,Email,2,106.57
258,South,Oncology-B,12,Email,2,141.83
259,East,Immunology-A,1,Field,3,147.59
259,East,Immunology-A,2,Webinar,0,85.76
259,East,Immunology-A,3,Webinar,3,149.26
259,East,Immunology-A,4,Field,0,98.22
259,East,Immunology-A,5,Webinar,3,149.77
259,East,Immunology-A,6,Email,4,149.03
259,East,Immunology-A,7,Webinar,2,146.03
259,East,Immunology-A,8,Field,4,134.1
259,East,Immunology-A,9,Field,2,62.72
259,East,Immunology-A,10,Webinar,5,211.33
259,East,Immunology-A,11,Field,6,206.93
259,East,Immunology-A,12,Email,1,92.17
260,West,Diabetes-A,1,Email,3,112.49
260,West,Diabetes-A,2,Webinar,1,51.68
260,West,Diabetes-A,3,Webinar,1,88.4
260,West,Diabetes-A,4,Email,6,201.22
260,West,Diabetes-A,5,Webinar,2,99.27
260,West,Diabetes-A,6,Email,1,94.67
260,West,Diabetes-A,7,Webinar,0,44.87
260,West,Diabetes-A,8,Field,4,107.33
260,West,Diabetes-A,9,Email,2,70.77
260,West,Diabetes-A,10,Email,5,158.13
260,West,Diabetes-A,11,Field,3,71.74
260,West,Diabetes-A,12,Field,3,149.92
261,North,Oncology-A,1,Email,2,140.82
261,North,Oncology-A,2,Webinar,2,111.33
261,North,Oncology-A,3,Field,5,162.54
261,North,Oncology-A,4,Email,2,172.24
261,North,Oncology-A,5,Field,5,228.93
261,North,Oncology-A,6,Email,2,159.07
261,North,Oncology-A,7,Email,1,95.49
261,North,Oncology-A,8,Webinar,2,137.11
261,North,Oncology-A,9,Email,6,206.35
261,North,Oncology-A,10,Webinar,2,143.85
261,North,Oncology-A,11,Email,2,178.62
261,North,Oncology-A,12,Email,4,131.37
262,South,Oncology-B,1,Field,1,139.63
262,South,Oncology-B,2,Field,3,236.91
262,South,Oncology-B,3,Field,2,238.43
262,South,Oncology-B,4,Field,1,181.36
262,South,Oncology-B,5,Field,3,257.55
262,South,Oncology-B,6,Field,1,214.38
262,South,Oncology-B,7,Field,0,153.77
262,South,Oncology-B,8,Field,1,168.67
262,South,Oncology-B,9,Webinar,2,174.57
262,South,Oncology-B,10,Email,0,153.21
262,South,Oncology-B,11,Webinar,6,271.3
262,South,Oncology-B,12,Email,3,231.8
263,East,Immunology-A,1,Email,1,67.82
263,East,Immunology-A,2,Webinar,4,169.83
263,East,Immunology-A,3,Webinar,1,124.3
263,East,Immunology-A,4,Field,2,175.03
263,East,Immunology-A,5,Webinar,2,102.18
263,East,Immunology-A,6,Field,2,134.16
263,East,Immunology-A,7,Field,3,117.93
263,East,Immunology-A,8,Field,1,118.05
263,East,Immunology-A,9,Webinar,3,103.2
263,East,Immunology-A,10,Field,3,167.22
263,East,Immunology-A,11,Email,4,162.51
263,East,Immunology-A,12,Webinar,5,172.0
264,West,Diabetes-A,1,Field,4,196.71
264,West,Diabetes-A,2,Email,2,182.84
264,West,Diabetes-A,3,Webinar,2,127.68
264,West,Diabetes-A,4,Email,1,120.39
264,West,Diabetes-A,5,Webinar,2,157.36
264,West,Diabetes-A,6,Field,3,160.81
264,West,Diabetes-A,7,Field,3,198.11
264,West,Diabetes-A,8,Email,5,234.13
264,West,Diabetes-A,9,Email,3,198.22
264,West,Diabetes-A,10,Field,1,154.31
264,West,Diabetes-A,11,Webinar,1,170.11
264,West,Diabetes-A,12,Email,2,136.67
265,North,Oncology-A,1,Field,2,53.05
265,North,Oncology-A,2,Field,3,122.46
265,North,Oncology-A,3,Email,4,164.84
265,North,Oncology-A,4,Webinar,0,79.84
265,North,Oncology-A,5,Email,4,112.24
265,North,Oncology-A,6,Webinar,3,79.61
265,North,Oncology-A,7,Email,0,20.97
265,North,Oncology-A,8,Email,1,48.58
265,North,Oncology-A,9,Webinar,2,88.18
265,North,Oncology-A,10,Field,3,81.09
265,North,Oncology-A,11,Webinar,2,86.9
265,North,Oncology-A,12,Field,3,116.81
266,South,Oncology-B,1,Email,1,36.58
266,South,Oncology-B,2,Email,4,75.22
266,South,Oncology-B,3,Webinar,3,89.3
266,South,Oncology-B,4,Webinar,1,79.96
266,South,Oncology-B,5,Webinar,5,153.51
266,South,Oncology-B,6,Webinar,3,135.09
266,South,Oncology-B,7,Webinar,0,16.05
266,South,Oncology-B,8,Field,2,40.82
266,South,Oncology-B,9,Field,4,120.64
266,South,Oncology-B,10,Email,1,106.63
266,South,Oncology-B,11,Webinar,1,43.39
266,South,Oncology-B,12,Field,3,49.08
267,East,Immunology-A,1,Field,1,131.26
267,East,Immunology-A,2,Webinar,3,150.97
267,East,Immunology-A,3,Email,2,149.73
267,East,Immunology-A,4,Webinar,1,137.58
267,East,Immunology-A,5,Field,1,162.86
267,East,Immunology-A,6,Webinar,3,177.93
267,East,Immunology-A,7,Email,3,188.09
267,East,Immunology-A,8,Webinar,2,174.2
267,East,Immunology-A,9,Field,3,188.07
267,East,Immunology-A,10,Field,0,119.03
267,East,Immunology-A,11,Webinar,3,207.98
267,East,Immunology-A,12,Webinar,5,252.36
268,West,Diabetes-A,1,Email,1,195.9
268,West,Diabetes-A,2,Webinar,4,192.42
268,West,Diabetes-A,3,Email,3,228.33
268,West,Diabetes-A,4,Field,3,241.5
268,West,Diabetes-A,5,Field,2,172.36
268,West,Diabetes-A,6,Field,2,211.5
268,West,Diabetes-A,7,Field,3,200.65
268,West,Diabetes-A,8,Field,3,267.15
268,West,Diabetes-A,9,Webinar,1,212.92
268,West,Diabetes-A,10,Email,5,206.6
268,West,Diabetes-A,11,Webinar,4,270.09
268,West,Diabetes-A,12,Field,1,143.08
269,North,Oncology-A,1,Field,3,107.15
269,North,Oncology-A,2,Email,1,40.47
269,North,Oncology-A,3,Webinar,7,140.29
269,North,Oncology-A,4,Webinar,2,89.89
269,North,Oncology-A,5,Email,2,64.03
269,North,Oncology-A,6,Email,3,65.13
269,North,Oncology-A,7,Webinar,0,20.22
269,North,Oncology-A,8,Webinar,3,121.92
269,North,Oncology-A,9,Webinar,2,95.91
269,North,Oncology-A,10,Email,2,91.71
269,North,Oncology-A,11,Field,1,69.71
269,North,Oncology-A,12,Field,3,104.51
270,South,Oncology-B,1,Field,3,224.41
270,South,Oncology-B,2,Email,1,160.01
270,South,Oncology-B,3,Webinar,3,280.1
270,South,Oncology-B,4,Email,1,142.03
270,South,Oncology-B,5,Webinar,1,174.19
270,South,Oncology-B,6,Email,4,270.19
270,South,Oncology-B,7,Email,1,176.27
270,South,Oncology-B,8,Email,2,228.45
270,South,Oncology-B,9,Email,2,205.25
270,South,Oncology-B,10,Webinar,2,195.2
270,South,Oncology-B,11,Field,2,196.79
270,South,Oncology-B,12,Email,1,163.93
271,East,Immunology-A,1,Field,1,147.28
271,East,Immunology-A,2,Webinar,1,153.57
271,East,Immunology-A,3,Field,2,180.97
271,East,Immunology-A,4,Email,0,82.38
271,East,Immunology-A,5,Field,1,176.93
271,East,Immunology-A,6,Field,1,186.53
271,East,Immunology-A,7,Email,2,196.14
271,East,Immunology-A,8,Webinar,2,161.32
271,East,Immunology-A,9,Field,2,170.99
271,East,Immunology-A,10,Webinar,3,158.16
271,East,Immunology-A,11,Field,1,148.17
271,East,Immunology-A,12,Field,2,171.08
272,West,Diabetes-A,1,Email,0,267.19
272,West,Diabetes-A,2,Field,0,251.96
272,West,Diabetes-A,3,Webinar,3,249.34
272,West,Diabetes-A,4,Webinar,4,334.55
272,West,Diabetes-A,5,Webinar,2,232.27
272,West,Diabetes-A,6,Email,1,222.85
272,West,Diabetes-A,7,Webinar,1,222.97
272,West,Diabetes-A,8,Webinar,2,249.28
272,West,Diabetes-A,9,Email,4,263.24
272,West,Diabetes-A,10,Email,4,229.49
272,West,Diabetes-A,11,Email,1,231.52
272,West,Diabetes-A,12,Webinar,4,253.89
273,North,Oncology-A,1,Field,2,90.67
273,North,Oncology-A,2,Field,1,124.46
273,North,Oncology-A,3,Email,4,159.75
273,North,Oncology-A,4,Field,1,126.37
273,North,Oncology-A,5,Webinar,0,93.93
273,North,Oncology-A,6,Field,1,89.78
273,North,Oncology-A,7,Field,2,180.27
273,North,Oncology-A,8,Webinar,2,134.96
273,North,Oncology-A,9,Email,3,132.24
273,North,Oncology-A,10,Webinar,3,190.06
273,North,Oncology-A,11,Email,2,168.48
273,North,Oncology-A,12,Field,1,110.66
274,South,Oncology-B,1,Email,2,65.88
274,South,Oncology-B,2,Webinar,3,65.73
274,South,Oncology-B,3,Webinar,3,92.62
274,South,Oncology-B,4,Email,1,28.7
274,South,Oncology-B,5,Webinar,2,45.2
274,South,Oncology-B,6,Webinar,2,90.16
274,South,Oncology-B,7,Field,3,64.29
274,South,Oncology-B,8,Email,0,77.26
274,South,Oncology-B,9,Field,3,75.26
274,South,Oncology-B,10,Field,1,53.29
274,South,Oncology-B,11,Webinar,3,95.26
274,South,Oncology-B,12,Field,4,122.09
275,East,Immunology-A,1,Webinar,3,76.04
275,East,Immunology-A,2,Webinar,4,107.36
275,East,Immunology-A,3,Webinar,2,44.57
275,East,Immunology-A,4,Webinar,3,89.2
275,East,Immunology-A,5,Webinar,3,53.16
275,East,Immunology-A,6,Email,2,6.65
275,East,Immunology-A,7,Field,1,62.54
275,East,Immunology-A,8,Webinar,3,91.77
275,East,Immunology-A,9,Field,2,52.99
275,East,Immunology-A,10,Email,3,59.38
275,East,Immunology-A,11,Field,1,20.23
275,East,Immunology-A,12,Webinar,4,118.34
276,West,Diabetes-A,1,Webinar,0,155.55
276,West,Diabetes-A,2,Email,1,150.17
276,West,Diabetes-A,3,Field,4,196.19
276,West,Diabetes-A,4,Webinar,3,184.68
276,West,Diabetes-A,5,Webinar,3,211.02
276,West,Diabetes-A,6,Field,4,203.06
276,West,Diabetes-A,7,Field,2,177.27
276,West,Diabetes-A,8,Field,1,191.35
276,West,Diabetes-A,9,Webinar,4,186.26
276,West,Diabetes-A,10,Email,2,152.81
276,West,Diabetes-A,11,Email,0,151.17
276,West,Diabetes-A,12,Webinar,1,128.64
277,North,Oncology-A,1,Webinar,4,178.36
277,North,Oncology-A,2,Webinar,1,54.76
277,North,Oncology-A,3,Field,2,117.75
277,North,Oncology-A,4,Field,0,0.81
277,North,Oncology-A,5,Field,3,127.75
277,North,Oncology-A,6,Webinar,4,88.78
277,North,Oncology-A,7,Field,1,65.44
277,North,Oncology-A,8,Webinar,3,127.54
277,North,Oncology-A,9,Email,1,47.27
277,North,Oncology-A,10,Field,3,114.28
277,North,Oncology-A,11,Email,2,114.42
277,North,Oncology-A,12,Webinar,3,108.62
278,South,Oncology-B,1,Field,2,181.24
278,South,Oncology-B,2,Webinar,0,145.51
278,South,Oncology-B,3,Email,2,167.71
278,South,Oncology-B,4,Email,3,164.45
278,South,Oncology-B,5,Email,2,208.62
278,South,Oncology-B,6,Email,5,210.56
278,South,Oncology-B,7,Field,3,213.9
278,South,Oncology-B,8,Field,0,141.12
278,South,Oncology-B,9,Webinar,6,230.09
278,South,Oncology-B,10,Email,2,159.52
278,South,Oncology-B,11,Field,3,218.37
278,South,Oncology-B,12,Email,1,182.05
279,East,Immunology-A,1,Email,2,119.27
279,East,Immunology-A,2,Field,2,110.05
279,East,Immunology-A,3,Webinar,3,180.02
279,East,Immunology-A,4,Field,2,89.01
279,East,Immunology-A,5,Email,1,106.09
279,East,Immunology-A,6,Email,2,81.26
279,East,Immunology-A,7,Email,1,103.4
279,East,Immunology-A,8,Email,0,124.86
279,East,Immunology-A,9,Webinar,4,147.44
279,East,Immunology-A,10,Field,1,55.21
279,East,Immunology-A,11,Email,0,117.63
279,East,Immunology-A,12,Email,4,159.79
280,West,Diabetes-A,1,Field,3,125.91
280,West,Diabetes-A,2,Email,0,55.08
280,West,Diabetes-A,3,Email,2,101.34
280,West,Diabetes-A,4,Webinar,3,93.93
280,West,Diabetes-A,5,Email,3,64.08
280,West,Diabetes-A,6,Email,7,182.95
280,West,Diabetes-A,7,Webinar,3,118.42
280,West,Diabetes-A,8,Field,0,73.44
280,West,Diabetes-A,9,Field,2,88.16
280,West,Diabetes-A,10,Field,0,20.85
280,West,Diabetes-A,11,Field,3,130.02
280,West,Diabetes-A,12,Webinar,3,120.69
281,North,Oncology-A,1,Field,1,131.45
281,North,Oncology-A,2,Webinar,2,104.36
281,North,Oncology-A,3,Email,1,135.14
281,North,Oncology-A,4,Webinar,3,185.92
281,North,Oncology-A,5,Email,2,145.94
281,North,Oncology-A,6,Webinar,4,125.27
281,North,Oncology-A,7,Field,4,182.76
281,North,Oncology-A,8,Webinar,2,145.9
281,North,Oncology-A,9,Email,5,174.1
281,North,Oncology-A,10,Webinar,3,127.98
281,North,Oncology-A,11,Email,4,158.43
281,North,Oncology-A,12,Field,3,142.19
282,South,Oncology-B,1,Email,2,223.45
282,South,Oncology-B,2,Field,2,216.09
282,South,Oncology-B,3,Webinar,3,200.05
282,South,Oncology-B,4,Field,4,243.73
282,South,Oncology-B,5,Email,0,170.37
282,South,Oncology-B,6,Email,1,214.4
282,South,Oncology-B,7,Field,2,140.75
282,South,Oncology-B,8,Email,1,169.71
282,South,Oncology-B,9,Field,4,231.33
282,South,Oncology-B,10,Webinar,2,203.47
282,South,Oncology-B,11,Field,0,155.05
282,South,Oncology-B,12,Webinar,6,230.64
283,East,Immunology-A,1,Email,0,86.38
283,East,Immunology-A,2,Field,3,149.91
283,East,Immunology-A,3,Webinar,3,129.94
283,East,Immunology-A,4,Webinar,2,81.41
283,East,Immunology-A,5,Email,4,189.26
283,East,Immunology-A,6,Webinar,3,176.44
283,East,Immunology-A,7,Field,0,119.54
283,East,Immunology-A,8,Webinar,3,100.25
283,East,Immunology-A,9,Field,3,93.03
283,East,Immunology-A,10,Field,2,92.01
283,East,Immunology-A,11,Field,4,128.56
283,East,Immunology-A,12,Webinar,3,110.14
284,West,Diabetes-A,1,Webinar,1,112.83
284,West,Diabetes-A,2,Email,2,98.76
284,West,Diabetes-A,3,Webinar,7,194.28
284,West,Diabetes-A,4,Email,4,170.15
284,West,Diabetes-A,5,Webinar,0,74.16
284,West,Diabetes-A,6,Email,5,196.18
284,West,Diabetes-A,7,Field,0,80.0
284,West,Diabetes-A,8,Email,4,132.86
284,West,Diabetes-A,9,Email,2,149.14
284,West,Diabetes-A,10,Email,2,124.41
284,West,Diabetes-A,11,Field,0,36.16
284,West,Diabetes-A,12,Webinar,3,106.9
285,North,Oncology-A,1,Email,4,117.33
285,North,Oncology-A,2,Field,1,34.07
285,North,Oncology-A,3,Field,2,107.24
285,North,Oncology-A,4,Webinar,1,80.18
285,North,Oncology-A,5,Webinar,2,50.4
285,North,Oncology-A,6,Field,1,78.97
285,North,Oncology-A,7,Field,2,75.53
285,North,Oncology-A,8,Field,1,68.97
285,North,Oncology-A,9,Email,3,101.59
285,North,Oncology-A,10,Field,3,128.31
285,North,Oncology-A,11,Field,1,55.52
285,North,Oncology-A,12,Field,4,107.83
286,South,Oncology-B,1,Webinar,1,135.36
286,South,Oncology-B,2,Webinar,2,152.84
286,South,Oncology-B,3,Field,2,183.95
286,South,Oncology-B,4,Email,1,120.73
286,South,Oncology-B,5,Email,0,108.35
286,South,Oncology-B,6,Email,5,199.25
286,South,Oncology-B,7,Webinar,1,189.58
286,South,Oncology-B,8,Field,3,206.81
286,South,Oncology-B,9,Field,3,187.06
286,South,Oncology-B,10,Field,1,163.03
286,South,Oncology-B,11,Webinar,2,203.15
286,South,Oncology-B,12,Webinar,9,249.02
287,East,Immunology-A,1,Webinar,2,66.08
287,East,Immunology-A,2,Email,2,83.74
287,East,Immunology-A,3,Field,4,130.89
287,East,Immunology-A,4,Webinar,4,148.99
287,East,Immunology-A,5,Webinar,4,99.15
287,East,Immunology-A,6,Field,2,119.01
287,East,Immunology-A,7,Email,2,102.82
287,East,Immunology-A,8,Field,2,80.57
287,East,Immunology-A,9,Webinar,2,39.19
287,East,Immunology-A,10,Email,0,34.57
287,East,Immunology-A,11,Webinar,5,151.8
287,East,Immunology-A,12,Field,2,65.93
288,West,Diabetes-A,1,Email,2,60.45
288,West,Diabetes-A,2,Field,3,136.64
288,West,Diabetes-A,3,Field,3,122.77
288,West,Diabetes-A,4,Webinar,5,106.82
288,West,Diabetes-A,5,Webinar,4,106.59
288,West,Diabetes-A,6,Webinar,2,87.82
288,West,Diabetes-A,7,Webinar,2,52.62
288,West,Diabetes-A,8,Email,2,76.07
288,West,Diabetes-A,9,Field,3,104.47
288,West,Diabetes-A,10,Field,2,36.13
288,West,Diabetes-A,11,Field,2,101.06
288,West,Diabetes-A,12,Field,1,68.12
289,North,Oncology-A,1,Field,3,96.45
289,North,Oncology-A,2,Webinar,2,14.57
289,North,Oncology-A,3,Email,2,0.13
289,North,Oncology-A,4,Field,4,133.62
289,North,Oncology-A,5,Field,0,23.24
289,North,Oncology-A,6,Webinar,3,75.94
289,North,Oncology-A,7,Webinar,3,101.18
289,North,Oncology-A,8,Field,3,82.74
289,North,Oncology-A,9,Webinar,1,66.98
289,North,Oncology-A,10,Webinar,3,51.57
289,North,Oncology-A,11,Email,1,70.19
289,North,Oncology-A,12,Email,5,134.09
290,South,Oncology-B,1,Email,1,86.85
290,South,Oncology-B,2,Field,3,112.2
290,South,Oncology-B,3,Email,2,40.2
290,South,Oncology-B,4,Email,4,121.82
290,South,Oncology-B,5,Email,1,74.38
290,South,Oncology-B,6,Field,2,47.94
290,South,Oncology-B,7,Webinar,1,71.53
290,South,Oncology-B,8,Webinar,2,77.73
290,South,Oncology-B,9,Email,3,120.65
290,South,Oncology-B,10,Email,1,89.85
290,South,Oncology-B,11,Field,0,51.14
290,South,Oncology-B,12,Field,2,111.15
291,East,Immunology-A,1,Email,2,118.33
291,East,Immunology-A,2,Webinar,1,121.64
291,East,Immunology-A,3,Email,4,148.68
291,East,Immunology-A,4,Email,0,92.4
291,East,Immunology-A,5,Email,2,134.61
291,East,Immunology-A,6,Webinar,3,117.73
291,East,Immunology-A,7,Email,2,127.47
291,East,Immunology-A,8,Email,2,139.67
291,East,Immunology-A,9,Webinar,3,168.89
291,East,Immunology-A,10,Email,2,123.57
291,East,Immunology-A,11,Email,5,194.21
291,East,Immunology-A,12,Webinar,2,61.68
292,West,Diabetes-A,1,Field,2,155.19
292,West,Diabetes-A,2,Email,1,138.94
292,West,Diabetes-A,3,Field,3,207.03
292,West,Diabetes-A,4,Field,4,259.81
292,West,Diabetes-A,5,Field,2,218.3
292,West,Diabetes-A,6,Email,2,226.49
292,West,Diabetes-A,7,Field,0,143.31
292,West,Diabetes-A,8,Email,2,199.27
292,West,Diabetes-A,9,Email,4,192.5
292,West,Diabetes-A,10,Webinar,2,157.49
292,West,Diabetes-A,11,Email,2,178.73
292,West,Diabetes-A,12,Field,3,231.12
293,North,Oncology-A,1,Email,3,221.68
293,North,Oncology-A,2,Field,2,262.88
293,North,Oncology-A,3,Field,1,180.29
293,North,Oncology-A,4,Email,1,187.93
293,North,Oncology-A,5,Field,5,271.02
293,North,Oncology-A,6,Field,4,262.15
293,North,Oncology-A,7,Email,2,221.66
293,North,Oncology-A,8,Field,2,220.22
293,North,Oncology-A,9,Field,5,254.21
293,North,Oncology-A,10,Webinar,2,252.09
293,North,Oncology-A,11,Webinar,2,262.33
293,North,Oncology-A,12,Field,1,201.29
294,South,Oncology-B,1,Field,2,112.28
294,South,Oncology-B,2,Email,2,111.71
294,South,Oncology-B,3,Email,3,148.01
294,South,Oncology-B,4,Email,0,85.14
294,South,Oncology-B,5,Webinar,3,121.55
294,South,Oncology-B,6,Email,6,206.24
294,South,Oncology-B,7,Email,1,105.81
294,South,Oncology-B,8,Field,3,147.17
294,South,Oncology-B,9,Webinar,4,192.68
294,South,Oncology-B,10,Webinar,2,109.45
294,South,Oncology-B,11,Field,2,153.73
294,South,Oncology-B,12,Webinar,4,106.44
295,East,Immunology-A,1,Email,1,83.26
295,East,Immunology-A,2,Field,4,114.79
295,East,Immunology-A,3,Webinar,4,129.77
295,East,Immunology-A,4,Field,0,55.57
295,East,Immunology-A,5,Webinar,1,17.8
295,East,Immunology-A,6,Webinar,4,96.29
295,East,Immunology-A,7,Webinar,2,40.78
295,East,Immunology-A,8,Field,1,28.97
295,East,Immunology-A,9,Field,1,47.67
295,East,Immunology-A,10,Field,1,76.54
295,East,Immunology-A,11,Webinar,1,52.99
295,East,Immunology-A,12,Email,2,16.44
296,West,Diabetes-A,1,Webinar,3,164.72
296,West,Diabetes-A,2,Email,1,66.68
296,West,Diabetes-A,3,Webinar,2,134.84
296,West,Diabetes-A,4,Field,1,111.99
296,West,Diabetes-A,5,Webinar,1,76.4
296,West,Diabetes-A,6,Email,2,130.1
296,West,Diabetes-A,7,Email,1,84.32
296,West,Diabetes-A,8,Email,1,119.19
296,West,Diabetes-A,9,Webinar,2,81.29
296,West,Diabetes-A,10,Field,0,88.54
296,West,Diabetes-A,11,Field,1,69.36
296,West,Diabetes-A,12,Webinar,1,85.25
297,North,Oncology-A,1,Webinar,3,289.45
297,North,Oncology-A,2,Field,1,283.83
297,North,Oncology-A,3,Webinar,4,345.11
297,North,Oncology-A,4,Field,1,279.54
297,North,Oncology-A,5,Field,1,298.86
297,North,Oncology-A,6,Webinar,2,258.52
297,North,Oncology-A,7,Field,4,323.02
297,North,Oncology-A,8,Webinar,3,324.29
297,North,Oncology-A,9,Field,3,289.54
297,North,Oncology-A,10,Field,1,260.25
297,North,Oncology-A,11,Field,4,340.02
297,North,Oncology-A,12,Email,3,278.53
298,South,Oncology-B,1,Webinar,3,179.71
298,South,Oncology-B,2,Webinar,1,112.73
298,South,Oncology-B,3,Webinar,2,109.3
298,South,Oncology-B,4,Email,0,129.4
298,South,Oncology-B,5,Field,1,155.63
298,South,Oncology-B,6,Webinar,4,144.47
298,South,Oncology-B,7,Field,1,130.11
298,South,Oncology-B,8,Email,4,163.99
298,South,Oncology-B,9,Field,3,144.43
298,South,Oncology-B,10,Email,2,110.71
298,South,Oncology-B,11,Webinar,1,106.77
298,South,Oncology-B,12,Email,3,132.02
299,East,Immunology-A,1,Webinar,1,222.61
299,East,Immunology-A,2,Field,2,287.27
299,East,Immunology-A,3,Webinar,3,239.95
299,East,Immunology-A,4,Email,1,240.55
299,East,Immunology-A,5,Field,2,286.08
299,East,Immunology-A,6,Email,3,278.59
299,East,Immunology-A,7,Email,2,271.95
299,East,Immunology-A,8,Webinar,0,225.25
299,East,Immunology-A,9,Email,3,259.21
299,East,Immunology-A,10,Webinar,7,301.52
299,East,Immunology-A,11,Field,0,225.71
299,East,Immunology-A,12,Webinar,2,241.47
300,West,Diabetes-A,1,Field,2,147.1
300,West,Diabetes-A,2,Email,4,153.21
300,West,Diabetes-A,3,Webinar,2,145.44
300,West,Diabetes-A,4,Webinar,4,192.22
300,West,Diabetes-A,5,Email,4,185.97
300,West,Diabetes-A,6,Email,1,101.95
300,West,Diabetes-A,7,Field,2,154.97
300,West,Diabetes-A,8,Field,2,153.17
300,West,Diabetes-A,9,Field,4,192.23
300,West,Diabetes-A,10,Email,2,94.09
300,West,Diabetes-A,11,Webinar,1,155.63
300,West,Diabetes-A,12,Webinar,6,231.47
301,North,Oncology-A,1,Email,2,200.1
301,North,Oncology-A,2,Field,0,161.75
301,North,Oncology-A,3,Field,2,197.6
301,North,Oncology-A,4,Webinar,2,238.74
301,North,Oncology-A,5,Email,3,257.84
301,North,Oncology-A,6,Email,2,196.9
301,North,Oncology-A,7,Webinar,2,193.5
301,North,Oncology-A,8,Field,1,211.8
301,North,Oncology-A,9,Field,2,227.88
301,North,Oncology-A,10,Email,1,187.89
301,North,Oncology-A,11,Webinar,0,161.1
301,North,Oncology-A,12,Webinar,2,193.52
302,South,Oncology-B,1,Email,2,168.24
302,South,Oncology-B,2,Email,4,222.86
302,South,Oncology-B,3,Webinar,1,218.77
302,South,Oncology-B,4,Field,1,247.77
302,South,Oncology-B,5,Email,2,194.62
302,South,Oncology-B,6,Webinar,1,161.69
302,South,Oncology-B,7,Field,1,157.84
302,South,Oncology-B,8,Email,0,160.64
302,South,Oncology-B,9,Email,5,252.61
302,South,Oncology-B,10,Field,2,227.1
302,South,Oncology-B,11,Email,3,225.38
302,South,Oncology-B,12,Email,4,233.87
303,East,Immunology-A,1,Field,1,75.19
303,East,Immunology-A,2,Webinar,4,100.66
303,East,Immunology-A,3,Field,2,54.13
303,East,Immunology-A,4,Email,5,74.32
303,East,Immunology-A,5,Email,1,12.21
303,East,Immunology-A,6,Webinar,4,106.36
303,East,Immunology-A,7,Field,5,161.95
303,East,Immunology-A,8,Field,1,32.99
303,East,Immunology-A,9,Field,4,103.35
303,East,Immunology-A,10,Webinar,1,31.41
303,East,Immunology-A,11,Field,3,73.22
303,East,Immunology-A,12,Webinar,1,19.8
304,West,Diabetes-A,1,Email,1,168.53
304,West,Diabetes-A,2,Email,0,124.4
304,West,Diabetes-A,3,Webinar,4,166.53
304,West,Diabetes-A,4,Email,1,99.0
304,West,Diabetes-A,5,Field,2,150.78
304,West,Diabetes-A,6,Email,3,138.77
304,West,Diabetes-A,7,Field,3,163.12
304,West,Diabetes-A,8,Field,3,162.93
304,West,Diabetes-A,9,Field,3,165.34
304,West,Diabetes-A,10,Email,0,97.1
304,West,Diabetes-A,11,Webinar,0,119.93
304,West,Diabetes-A,12,Field,3,182.19
305,North,Oncology-A,1,Webinar,3,123.32
305,North,Oncology-A,2,Field,2,149.57
305,North,Oncology-A,3,Webinar,3,167.58
305,North,Oncology-A,4,Webinar,0,121.71
305,North,Oncology-A,5,Email,2,186.7
305,North,Oncology-A,6,Email,6,253.4
305,North,Oncology-A,7,Field,3,186.16
305,North,Oncology-A,8,Field,2,174.76
305,North,Oncology-A,9,Webinar,2,130.24
305,North,Oncology-A,10,Email,3,91.48
305,North,Oncology-A,11,Webinar,3,180.53
305,North,Oncology-A,12,Email,3,184.27
306,South,Oncology-B,1,Email,3,166.51
306,South,Oncology-B,2,Webinar,4,155.98
306,South,Oncology-B,3,Webinar,2,146.68
306,South,Oncology-B,4,Email,2,111.2
306,South,Oncology-B,5,Field,2,131.92
306,South,Oncology-B,6,Field,3,183.46
306,South,Oncology-B,7,Webinar,3,138.76
306,South,Oncology-B,8,Webinar,0,63.88
306,South,Oncology-B,9,Webinar,3,113.35
306,South,Oncology-B,10,Field,1,132.07
306,South,Oncology-B,11,Field,2,103.08
306,South,Oncology-B,12,Email,5,215.99
307,East,Immunology-A,1,Field,3,140.83
307,East,Immunology-A,2,Email,4,192.38
307,East,Immunology-A,3,Webinar,3,165.25
307,East,Immunology-A,4,Field,1,164.31
307,East,Immunology-A,5,Webinar,1,88.3
307,East,Immunology-A,6,Email,4,116.93
307,East,Immunology-A,7,Email,2,118.0
307,East,Immunology-A,8,Email,2,131.6
307,East,Immunology-A,9,Webinar,3,135.01
307,East,Immunology-A,10,Field,2,141.77
307,East,Immunology-A,11,Field,2,143.24
307,East,Immunology-A,12,Email,4,176.0
308,West,Diabetes-A,1,Webinar,2,153.98
308,West,Diabetes-A,2,Field,0,197.33
308,West,Diabetes-A,3,Email,3,145.02
308,West,Diabetes-A,4,Field,1,193.35
308,West,Diabetes-A,5,Field,3,241.79
308,West,Diabetes-A,6,Webinar,2,150.96
308,West,Diabetes-A,7,Field,2,133.18
308,West,Diabetes-A,8,Field,0,163.05
308,West,Diabetes-A,9,Field,3,223.09
308,West,Diabetes-A,10,Field,4,253.55
308,West,Diabetes-A,11,Webinar,2,207.96
308,West,Diabetes-A,12,Email,3,166.36
309,North,Oncology-A,1,Field,0,167.8
309,North,Oncology-A,2,Field,1,209.81
309,North,Oncology-A,3,Email,3,188.17
309,North,Oncology-A,4,Email,1,178.27
309,North,Oncology-A,5,Email,0,173.51
309,North,Oncology-A,6,Webinar,1,153.53
309,North,Oncology-A,7,Email,1,117.61
309,North,Oncology-A,8,Webinar,2,194.91
309,North,Oncology-A,9,Field,1,188.17
309,North,Oncology-A,10,Webinar,1,155.37
309,North,Oncology-A,11,Field,1,201.96
309,North,Oncology-A,12,Email,8,317.6
310,South,Oncology-B,1,Webinar,3,216.54
310,South,Oncology-B,2,Webinar,2,193.12
310,South,Oncology-B,3,Field,4,246.81
310,South,Oncology-B,4,Field,1,154.18
310,South,Oncology-B,5,Field,0,194.01
310,South,Oncology-B,6,Webinar,3,256.3
310,South,Oncology-B,7,Field,1,193.01
310,South,Oncology-B,8,Email,2,207.11
310,South,Oncology-B,9,Email,1,194.22
310,South,Oncology-B,10,Field,1,231.69
310,South,Oncology-B,11,Email,4,221.86
310,South,Oncology-B,12,Field,2,221.77
311,East,Immunology-A,1,Field,1,29.25
311,East,Immunology-A,2,Email,4,154.81
311,East,Immunology-A,3,Field,6,116.21
311,East,Immunology-A,4,Field,4,132.2
311,East,Immunology-A,5,Field,0,49.45
311,East,Immunology-A,6,Email,1,84.13
311,East,Immunology-A,7,Field,1,56.39
311,East,Immunology-A,8,Webinar,1,59.62
311,East,Immunology-A,9,Email,3,74.61
311,East,Immunology-A,10,Webinar,2,97.95
311,East,Immunology-A,11,Field,2,60.32
311,East,Immunology-A,12,Webinar,4,103.44
312,West,Diabetes-A,1,Email,1,260.7
312,West,Diabetes-A,2,Email,1,276.68
312,West,Diabetes-A,3,Webinar,2,207.14
312,West,Diabetes-A,4,Webinar,1,250.92
312,West,Diabetes-A,5,Webinar,0,268.8
312,West,Diabetes-A,6,Field,4,328.29
312,West,Diabetes-A,7,Field,2,262.35
312,West,Diabetes-A,8,Field,0,236.37
312,West,Diabetes-A,9,Webinar,5,323.4
312,West,Diabetes-A,10,Webinar,3,284.04
312,West,Diabetes-A,11,Webinar,2,249.85
312,West,Diabetes-A,12,Webinar,4,284.75
313,North,Oncology-A,1,Webinar,2,107.3
313,North,Oncology-A,2,Field,1,161.16
313,North,Oncology-A,3,Email,3,207.71
313,North,Oncology-A,4,Webinar,1,153.1
313,North,Oncology-A,5,Field,3,216.73
313,North,Oncology-A,6,Field,2,200.63
313,North,Oncology-A,7,Field,3,220.87
313,North,Oncology-A,8,Webinar,2,150.17
313,North,Oncology-A,9,Email,3,174.56
313,North,Oncology-A,10,Field,2,200.42
313,North,Oncology-A,11,Webinar,4,199.93
313,North,Oncology-A,12,Webinar,2,169.64
314,South,Oncology-B,1,Field,1,167.09
314,South,Oncology-B,2,Webinar,1,178.73
314,South,Oncology-B,3,Email,2,196.32
314,South,Oncology-B,4,Field,1,196.11
314,South,Oncology-B,5,Webinar,0,171.11
314,South,Oncology-B,6,Email,1,210.97
314,South,Oncology-B,7,Field,2,203.34
314,South,Oncology-B,8,Email,4,251.26
314,South,Oncology-B,9,Email,3,218.34
314,South,Oncology-B,10,Email,3,283.92
314,South,Oncology-B,11,Field,1,210.11
314,South,Oncology-B,12,Webinar,2,146.35
315,East,Immunology-A,1,Email,1,128.34
315,East,Immunology-A,2,Webinar,0,105.66
315,East,Immunology-A,3,Webinar,3,137.48
315,East,Immunology-A,4,Webinar,2,111.53
315,East,Immunology-A,5,Webinar,0,93.2
315,East,Immunology-A,6,Field,2,120.82
315,East,Immunology-A,7,Field,1,113.72
315,East,Immunology-A,8,Email,3,166.47
315,East,Immunology-A,9,Webinar,3,171.86
315,East,Immunology-A,10,Field,6,195.08
315,East,Immunology-A,11,Field,2,120.36
315,East,Immunology-A,12,Webinar,2,151.64
316,West,Diabetes-A,1,Email,3,258.16
316,West,Diabetes-A,2,Field,2,254.38
316,West,Diabetes-A,3,Field,2,269.63
316,West,Diabetes-A,4,Webinar,3,283.12
316,West,Diabetes-A,5,Email,1,184.28
316,West,Diabetes-A,6,Field,2,277.22
316,West,Diabetes-A,7,Email,3,260.13
316,West,Diabetes-A,8,Email,2,250.36
316,West,Diabetes-A,9,Webinar,5,283.69
316,West,Diabetes-A,10,Email,2,247.55
316,West,Diabetes-A,11,Email,0,230.06
316,West,Diabetes-A,12,Field,4,288.98
317,North,Oncology-A,1,Field,3,191.01
317,North,Oncology-A,2,Webinar,1,172.11
317,North,Oncology-A,3,Email,6,300.34
317,North,Oncology-A,4,Webinar,1,195.31
317,North,Oncology-A,5,Webinar,1,163.27
317,North,Oncology-A,6,Webinar,3,167.99
317,North,Oncology-A,7,Field,3,207.08
317,North,Oncology-A,8,Webinar,2,137.06
317,North,Oncology-A,9,Field,3,208.49
317,North,Oncology-A,10,Webinar,5,232.38
317,North,Oncology-A,11,Email,3,179.2
317,North,Oncology-A,12,Email,3,178.52
318,South,Oncology-B,1,Email,2,150.31
318,South,Oncology-B,2,Field,2,178.44
318,South,Oncology-B,3,Webinar,3,182.14
318,South,Oncology-B,4,Webinar,2,146.17
318,South,Oncology-B,5,Field,2,119.44
318,South,Oncology-B,6,Webinar,2,150.6
318,South,Oncology-B,7,Webinar,1,119.16
318,South,Oncology-B,8,Webinar,1,128.08
318,South,Oncology-B,9,Field,4,219.77
318,South,Oncology-B,10,Webinar,3,193.57
318,South,Oncology-B,11,Email,3,198.7
318,South,Oncology-B,12,Email,4,209.22
319,East,Immunology-A,1,Email,1,96.55
319,East,Immunology-A,2,Webinar,2,135.39
319,East,Immunology-A,3,Field,3,158.38
319,East,Immunology-A,4,Email,2,169.52
319,East,Immunology-A,5,Field,2,135.31
319,East,Immunology-A,6,Email,4,198.9
319,East,Immunology-A,7,Webinar,0,46.63
319,East,Immunology-A,8,Email,2,95.56
319,East,Immunology-A,9,Webinar,4,173.98
319,East,Immunology-A,10,Webinar,1,122.44
319,East,Immunology-A,11,Field,3,156.79
319,East,Immunology-A,12,Webinar,5,170.89
320,West,Diabetes-A,1,Email,1,68.5
320,West,Diabetes-A,2,Email,1,73.58
320,West,Diabetes-A,3,Webinar,5,139.09
320,West,Diabetes-A,4,Field,2,83.55
320,West,Diabetes-A,5,Field,2,132.23
320,West,Diabetes-A,6,Email,3,119.04
320,West,Diabetes-A,7,Field,0,71.22
320,West,Diabetes-A,8,Email,4,87.53
320,West,Diabetes-A,9,Field,3,66.25
320,West,Diabetes-A,10,Email,1,61.48
320,West,Diabetes-A,11,Email,4,129.77
320,West,Diabetes-A,12,Webinar,3,147.18
321,North,Oncology-A,1,Email,0,72.34
321,North,Oncology-A,2,Email,2,96.96
321,North,Oncology-A,3,Field,3,137.43
321,North,Oncology-A,4,Email,4,154.73
321,North,Oncology-A,5,Email,4,137.56
321,North,Oncology-A,6,Email,5,163.91
321,North,Oncology-A,7,Field,2,83.98
321,North,Oncology-A,8,Webinar,4,165.51
321,North,Oncology-A,9,Email,2,70.75
321,North,Oncology-A,10,Webinar,4,147.91
321,North,Oncology-A,11,Webinar,2,85.33
321,North,Oncology-A,12,Field,2,128.25
322,South,Oncology-B,1,Email,2,222.41
322,South,Oncology-B,2,Webinar,4,247.49
322,South,Oncology-B,3,Field,1,219.53
322,South,Oncology-B,4,Webinar,1,141.8
322,South,Oncology-B,5,Field,4,183.68
322,South,Oncology-B,6,Webinar,2,224.1
322,South,Oncology-B,7,Webinar,2,187.86
322,South,Oncology-B,8,Email,2,166.86
322,South,Oncology-B,9,Field,2,181.66
322,South,Oncology-B,10,Email,2,154.47
322,South,Oncology-B,11,Email,3,202.12
322,South,Oncology-B,12,Field,4,175.49
323,East,Immunology-A,1,Webinar,1,50.58
323,East,Immunology-A,2,Email,2,20.98
323,East,Immunology-A,3,Webinar,4,67.51
323,East,Immunology-A,4,Email,3,76.97
323,East,Immunology-A,5,Webinar,3,88.34
323,East,Immunology-A,6,Field,6,167.02
323,East,Immunology-A,7,Field,3,55.75
323,East,Immunology-A,8,Email,2,21.05
323,East,Immunology-A,9,Webinar,4,81.08
323,East,Immunology-A,10,Email,1,45.32
323,East,Immunology-A,11,Email,0,57.77
323,East,Immunology-A,12,Email,5,145.33
324,West,Diabetes-A,1,Webinar,1,28.7
324,West,Diabetes-A,2,Webinar,2,64.82
324,West,Diabetes-A,3,Webinar,3,93.73
324,West,Diabetes-A,4,Webinar,1,66.48
324,West,Diabetes-A,5,Email,2,84.68
324,West,Diabetes-A,6,Field,3,59.05
324,West,Diabetes-A,7,Email,1,58.81
324,West,Diabetes-A,8,Webinar,5,126.64
324,West,Diabetes-A,9,Field,3,131.15
324,West,Diabetes-A,10,Webinar,6,140.59
324,West,Diabetes-A,11,Email,8,189.53
324,West,Diabetes-A,12,Field,4,117.44
325,North,Oncology-A,1,Email,1,176.94
325,North,Oncology-A,2,Email,3,168.05
325,North,Oncology-A,3,Field,2,172.88
325,North,Oncology-A,4,Email,0,170.95
325,North,Oncology-A,5,Email,0,157.45
325,North,Oncology-A,6,Webinar,2,173.29
325,North,Oncology-A,7,Field,3,192.45
325,North,Oncology-A,8,Field,2,185.77
325,North,Oncology-A,9,Email,3,239.47
325,North,Oncology-A,10,Email,2,183.33
325,North,Oncology-A,11,Webinar,2,174.32
325,North,Oncology-A,12,Email,2,143.78
326,South,Oncology-B,1,Webinar,4,277.92
326,South,Oncology-B,2,Field,0,149.83
326,South,Oncology-B,3,Webinar,2,207.03
326,South,Oncology-B,4,Webinar,3,258.34
326,South,Oncology-B,5,Webinar,1,187.14
326,South,Oncology-B,6,Webinar,3,257.95
326,South,Oncology-B,7,Email,4,256.62
326,South,Oncology-B,8,Webinar,1,190.96
326,South,Oncology-B,9,Field,1,216.96
326,South,Oncology-B,10,Webinar,1,194.67
326,South,Oncology-B,11,Email,2,180.9
326,South,Oncology-B,12,Field,3,232.22
327,East,Immunology-A,1,Webinar,1,47.57
327,East,Immunology-A,2,Webinar,2,177.45
327,East,Immunology-A,3,Field,3,193.47
327,East,Immunology-A,4,Webinar,1,91.29
327,East,Immunology-A,5,Webinar,4,120.72
327,East,Immunology-A,6,Email,2,176.75
327,East,Immunology-A,7,Email,1,125.24
327,East,Immunology-A,8,Webinar,2,132.51
327,East,Immunology-A,9,Email,4,178.26
327,East,Immunology-A,10,Email,2,102.38
327,East,Immunology-A,11,Email,3,178.6
327,East,Immunology-A,12,Email,4,136.25
328,West,Diabetes-A,1,Field,2,118.4
328,West,Diabetes-A,2,Webinar,3,120.17
328,West,Diabetes-A,3,Webinar,1,26.29
328,West,Diabetes-A,4,Field,0,115.2
328,West,Diabetes-A,5,Email,1,76.56
328,West,Diabetes-A,6,Email,4,168.98
328,West,Diabetes-A,7,Webinar,3,107.63
328,West,Diabetes-A,8,Field,4,154.34
328,West,Diabetes-A,9,Email,3,99.18
328,West,Diabetes-A,10,Field,3,132.78
328,West,Diabetes-A,11,Webinar,3,114.65
328,West,Diabetes-A,12,Email,4,132.22
329,North,Oncology-A,1,Field,2,125.98
329,North,Oncology-A,2,Email,2,118.22
329,North,Oncology-A,3,Email,2,99.2
329,North,Oncology-A,4,Webinar,0,83.94
329,North,Oncology-A,5,Field,0,78.28
329,North,Oncology-A,6,Webinar,2,106.68
329,North,Oncology-A,7,Email,4,168.08
329,North,Oncology-A,8,Email,2,97.43
329,North,Oncology-A,9,Field,2,81.52
329,North,Oncology-A,10,Webinar,0,56.06
329,North,Oncology-A,11,Field,1,118.68
329,North,Oncology-A,12,Email,3,137.37
330,South,Oncology-B,1,Field,5,267.62
330,South,Oncology-B,2,Field,2,192.64
330,South,Oncology-B,3,Email,2,197.21
330,South,Oncology-B,4,Webinar,4,273.41
330,South,Oncology-B,5,Email,3,195.24
330,South,Oncology-B,6,Email,4,205.0
330,South,Oncology-B,7,Field,1,200.88
330,South,Oncology-B,8,Field,1,185.59
330,South,Oncology-B,9,Email,3,212.35
330,South,Oncology-B,10,Email,3,173.62
330,South,Oncology-B,11,Webinar,3,257.13
330,South,Oncology-B,12,Email,4,238.07
331,East,Immunology-A,1,Webinar,3,247.7
331,East,Immunology-A,2,Field,0,198.54
331,East,Immunology-A,3,Field,2,216.53
331,East,Immunology-A,4,Field,0,205.7
331,East,Immunology-A,5,Email,1,210.24
331,East,Immunology-A,6,Webinar,1,205.46
331,East,Immunology-A,7,Webinar,2,248.51
331,East,Immunology-A,8,Webinar,4,264.11
331,East,Immunology-A,9,Email,4,221.06
331,East,Immunology-A,10,Field,3,212.73
331,East,Immunology-A,11,Field,3,264.94
331,East,Immunology-A,12,Field,3,254.01
332,West,Diabetes-A,1,Email,3,189.72
332,West,Diabetes-A,2,Email,0,144.02
332,West,Diabetes-A,3,Email,2,140.0
332,West,Diabetes-A,4,Webinar,2,147.12
332,West,Diabetes-A,5,Email,0,131.77
332,West,Diabetes-A,6,Field,2,165.6
332,West,Diabetes-A,7,Field,1,163.87
332,West,Diabetes-A,8,Field,1,133.22
332,West,Diabetes-A,9,Webinar,3,248.17
332,West,Diabetes-A,10,Email,0,135.84
332,West,Diabetes-A,11,Webinar,5,242.95
332,West,Diabetes-A,12,Webinar,2,128.33
333,North,Oncology-A,1,Webinar,2,172.6
333,North,Oncology-A,2,Email,2,161.76
333,North,Oncology-A,3,Field,3,211.56
333,North,Oncology-A,4,Webinar,6,238.12
333,North,Oncology-A,5,Email,2,135.14
333,North,Oncology-A,6,Email,2,169.95
333,North,Oncology-A,7,Webinar,3,158.16
333,North,Oncology-A,8,Webinar,1,123.09
333,North,Oncology-A,9,Field,3,191.76
333,North,Oncology-A,10,Email,2,156.61
333,North,Oncology-A,11,Webinar,4,251.19
333,North,Oncology-A,12,Email,1,160.97
334,South,Oncology-B,1,Field,3,140.42
334,South,Oncology-B,2,Email,1,54.32
334,South,Oncology-B,3,Webinar,2,76.61
334,South,Oncology-B,4,Field,3,135.22
334,South,Oncology-B,5,Email,2,112.65
334,South,Oncology-B,6,Email,3,110.26
334,South,Oncology-B,7,Email,1,82.29
334,South,Oncology-B,8,Webinar,2,89.32
334,South,Oncology-B,9,Field,4,163.21
334,South,Oncology-B,10,Field,4,118.62
334,South,Oncology-B,11,Field,2,111.01
334,South,Oncology-B,12,Email,1,91.86
335,East,Immunology-A,1,Email,0,206.88
335,East,Immunology-A,2,Field,1,266.62
335,East,Immunology-A,3,Webinar,1,237.83
335,East,Immunology-A,4,Email,3,251.16
335,East,Immunology-A,5,Field,1,249.32
335,East,Immunology-A,6,Webinar,1,217.32
335,East,Immunology-A,7,Email,2,236.56
335,East,Immunology-A,8,Field,1,239.89
335,East,Immunology-A,9,Field,2,300.83
335,East,Immunology-A,10,Email,4,344.31
335,East,Immunology-A,11,Webinar,3,288.73
335,East,Immunology-A,12,Field,4,332.5
336,West,Diabetes-A,1,Field,1,95.77
336,West,Diabetes-A,2,Webinar,4,77.21
336,West,Diabetes-A,3,Field,2,48.7
336,West,Diabetes-A,4,Webinar,1,75.23
336,West,Diabetes-A,5,Webinar,2,88.35
336,West,Diabetes-A,6,Webinar,6,165.49
336,West,Diabetes-A,7,Field,2,73.64
336,West,Diabetes-A,8,Email,3,150.63
336,West,Diabetes-A,9,Field,3,98.67
336,West,Diabetes-A,10,Webinar,4,82.56
336,West,Diabetes-A,11,Field,0,31.12
336,West,Diabetes-A,12,Email,4,88.3
337,North,Oncology-A,1,Field,3,169.25
337,North,Oncology-A,2,Field,4,119.55
337,North,Oncology-A,3,Field,4,187.2
337,North,Oncology-A,4,Webinar,1,82.94
337,North,Oncology-A,5,Email,1,99.77
337,North,Oncology-A,6,Field,1,56.26
337,North,Oncology-A,7,Field,1,114.98
337,North,Oncology-A,8,Email,0,55.89
337,North,Oncology-A,9,Field,3,101.58
337,North,Oncology-A,10,Email,3,102.17
337,North,Oncology-A,11,Email,1,93.67
337,North,Oncology-A,12,Email,1,98.63
338,South,Oncology-B,1,Webinar,4,219.6
338,South,Oncology-B,2,Field,2,181.28
338,South,Oncology-B,3,Field,2,134.28
338,South,Oncology-B,4,Field,3,136.14
338,South,Oncology-B,5,Webinar,1,142.64
338,South,Oncology-B,6,Email,1,139.73
338,South,Oncology-B,7,Email,1,144.98
338,South,Oncology-B,8,Field,4,169.39
338,South,Oncology-B,9,Email,4,187.11
338,South,Oncology-B,10,Webinar,2,181.06
338,South,Oncology-B,11,Email,3,175.01
338,South,Oncology-B,12,Field,5,216.83
339,East,Immunology-A,1,Email,0,156.29
339,East,Immunology-A,2,Webinar,1,159.62
339,East,Immunology-A,3,Field,2,178.01
339,East,Immunology-A,4,Webinar,2,147.74
339,East,Immunology-A,5,Field,1,149.97
339,East,Immunology-A,6,Field,2,168.41
339,East,Immunology-A,7,Field,0,149.66
339,East,Immunology-A,8,Webinar,1,154.27
339,East,Immunology-A,9,Webinar,3,187.93
339,East,Immunology-A,10,Email,1,166.03
339,East,Immunology-A,11,Webinar,4,215.09
339,East,Immunology-A,12,Email,2,131.92
340,West,Diabetes-A,1,Webinar,4,222.69
340,West,Diabetes-A,2,Webinar,3,151.17
340,West,Diabetes-A,3,Webinar,3,221.82
340,West,Diabetes-A,4,Field,3,192.5
340,West,Diabetes-A,5,Webinar,0,141.24
340,West,Diabetes-A,6,Field,8,313.06
340,West,Diabetes-A,7,Email,3,198.85
340,West,Diabetes-A,8,Webinar,3,160.34
340,West,Diabetes-A,9,Webinar,3,178.93
340,West,Diabetes-A,10,Email,0,137.82
340,West,Diabetes-A,11,Webinar,2,145.24
340,West,Diabetes-A,12,Field,5,249.55
341,North,Oncology-A,1,Field,5,316.45
341,North,Oncology-A,2,Field,1,260.86
341,North,Oncology-A,3,Field,2,277.95
341,North,Oncology-A,4,Webinar,3,268.29
341,North,Oncology-A,5,Email,3,267.75
341,North,Oncology-A,6,Webinar,3,268.57
341,North,Oncology-A,7,Field,1,173.86
341,North,Oncology-A,8,Email,1,246.19
341,North,Oncology-A,9,Email,4,324.78
341,North,Oncology-A,10,Field,2,221.51
341,North,Oncology-A,11,Webinar,2,207.43
341,North,Oncology-A,12,Field,3,260.96
342,South,Oncology-B,1,Email,1,124.92
342,South,Oncology-B,2,Webinar,3,163.71
342,South,Oncology-B,3,Webinar,3,135.66
342,South,Oncology-B,4,Webinar,3,154.17
342,South,Oncology-B,5,Webinar,3,177.63
342,South,Oncology-B,6,Email,1,113.06
342,South,Oncology-B,7,Field,4,188.35
342,South,Oncology-B,8,Email,2,106.37
342,South,Oncology-B,9,Field,5,208.01
342,South,Oncology-B,10,Webinar,1,112.75
342,South,Oncology-B,11,Webinar,2,99.37
342,South,Oncology-B,12,Webinar,3,96.33
343,East,Immunology-A,1,Field,6,326.32
343,East,Immunology-A,2,Webinar,1,246.49
343,East,Immunology-A,3,Email,4,262.16
343,East,Immunology-A,4,Field,2,248.01
343,East,Immunology-A,5,Field,3,221.59
343,East,Immunology-A,6,Webinar,6,314.66
343,East,Immunology-A,7,Email,2,210.64
343,East,Immunology-A,8,Email,2,265.65
343,East,Immunology-A,9,Email,5,260.3
343,East,Immunology-A,10,Webinar,4,276.0
343,East,Immunology-A,11,Email,1,196.93
343,East,Immunology-A,12,Field,2,219.92
344,West,Diabetes-A,1,Webinar,1,73.39
344,West,Diabetes-A,2,Field,2,112.32
344,West,Diabetes-A,3,Field,3,117.05
344,West,Diabetes-A,4,Field,3,165.37
344,West,Diabetes-A,5,Field,0,64.7
344,West,Diabetes-A,6,Webinar,2,115.8
344,West,Diabetes-A,7,Email,2,154.35
344,West,Diabetes-A,8,Email,2,155.66
344,West,Diabetes-A,9,Field,3,138.26
344,West,Diabetes-A,10,Field,2,109.39
344,West,Diabetes-A,11,Field,1,102.72
344,West,Diabetes-A,12,Email,8,237.81
345,North,Oncology-A,1,Email,0,132.43
345,North,Oncology-A,2,Webinar,2,180.75
345,North,Oncology-A,3,Email,2,159.16
345,North,Oncology-A,4,Field,2,221.71
345,North,Oncology-A,5,Field,0,153.43
345,North,Oncology-A,6,Webinar,4,197.29
345,North,Oncology-A,7,Email,2,174.16
345,North,Oncology-A,8,Webinar,4,179.64
345,North,Oncology-A,9,Email,4,243.4
345,North,Oncology-A,10,Webinar,1,192.17
345,North,Oncology-A,11,Email,2,188.48
345,North,Oncology-A,12,Field,6,231.72
346,South,Oncology-B,1,Webinar,7,238.88
346,South,Oncology-B,2,Email,3,204.35
346,South,Oncology-B,3,Webinar,3,167.72
346,South,Oncology-B,4,Webinar,2,163.65
346,South,Oncology-B,5,Email,0,138.62
346,South,Oncology-B,6,Email,3,189.37
346,South,Oncology-B,7,Field,5,243.93
346,South,Oncology-B,8,Email,2,179.31
346,South,Oncology-B,9,Field,2,164.42
346,South,Oncology-B,10,Email,2,171.08
346,South,Oncology-B,11,Email,6,242.41
346,South,Oncology-B,12,Field,4,187.39
347,East,Immunology-A,1,Email,4,129.76
347,East,Immunology-A,2,Field,1,94.81
347,East,Immunology-A,3,Email,1,85.53
347,East,Immunology-A,4,Email,4,119.81
347,East,Immunology-A,5,Email,1,79.37
347,East,Immunology-A,6,Webinar,4,88.04
347,East,Immunology-A,7,Email,1,28.57
347,East,Immunology-A,8,Field,3,120.35
347,East,Immunology-A,9,Email,3,160.92
347,East,Immunology-A,10,Field,2,140.57
347,East,Immunology-A,11,Email,1,45.67
347,East,Immunology-A,12,Webinar,4,132.4
348,West,Diabetes-A,1,Webinar,2,233.35
348,West,Diabetes-A,2,Webinar,0,132.83
348,West,Diabetes-A,3,Email,4,283.96
348,West,Diabetes-A,4,Email,4,236.7
348,West,Diabetes-A,5,Webinar,1,141.58
348,West,Diabetes-A,6,Email,2,196.98
348,West,Diabetes-A,7,Webinar,2,209.31
348,West,Diabetes-A,8,Field,0,179.66
348,West,Diabetes-A,9,Email,3,161.17
348,West,Diabetes-A,10,Webinar,3,249.73
348,West,Diabetes-A,11,Email,4,221.19
348,West,Diabetes-A,12,Email,4,229.49
349,North,Oncology-A,1,Webinar,1,128.9
349,North,Oncology-A,2,Webinar,1,169.57
349,North,Oncology-A,3,Webinar,2,137.9
349,North,Oncology-A,4,Webinar,0,103.67
349,North,Oncology-A,5,Field,1,94.75
349,North,Oncology-A,6,Email,3,156.66
349,North,Oncology-A,7,Field,6,236.95
349,North,Oncology-A,8,Webinar,0,115.45
349,North,Oncology-A,9,Webinar,2,148.31
349,North,Oncology-A,10,Field,2,136.37
349,North,Oncology-A,11,Email,2,149.5
349,North,Oncology-A,12,Webinar,4,218.01
350,South,Oncology-B,1,Webinar,4,222.28
350,South,Oncology-B,2,Email,2,161.59
350,South,Oncology-B,3,Email,4,183.75
350,South,Oncology-B,4,Field,1,163.34
350,South,Oncology-B,5,Email,3,164.03
350,South,Oncology-B,6,Field,5,268.81
350,South,Oncology-B,7,Email,1,142.94
350,South,Oncology-B,8,Webinar,4,159.54
350,South,Oncology-B,9,Email,2,130.78
350,South,Oncology-B,10,Field,2,156.96
350,South,Oncology-B,11,Webinar,1,132.36
350,South,Oncology-B,12,Email,3,194.76
351,East,Immunology-A,1,Email,3,117.44
351,East,Immunology-A,2,Field,2,88.78
351,East,Immunology-A,3,Webinar,3,89.39
351,East,Immunology-A,4,Webinar,3,113.08
351,East,Immunology-A,5,Webinar,2,115.22
351,East,Immunology-A,6,Email,3,88.12
351,East,Immunology-A,7,Email,5,136.9
351,East,Immunology-A,8,Webinar,0,81.01
351,East,Immunology-A,9,Email,2,107.92
351,East,Immunology-A,10,Email,4,101.89
351,East,Immunology-A,11,Field,1,102.51
351,East,Immunology-A,12,Email,1,65.7
352,West,Diabetes-A,1,Webinar,2,232.24
352,West,Diabetes-A,2,Webinar,1,292.62
352,West,Diabetes-A,3,Field,3,314.67
352,West,Diabetes-A,4,Webinar,1,247.1
352,West,Diabetes-A,5,Field,4,296.49
352,West,Diabetes-A,6,Field,2,228.47
352,West,Diabetes-A,7,Email,2,270.17
352,West,Diabetes-A,8,Email,1,248.07
352,West,Diabetes-A,9,Field,3,213.55
352,West,Diabetes-A,10,Email,2,261.48
352,West,Diabetes-A,11,Email,3,214.18
352,West,Diabetes-A,12,Webinar,3,254.82
353,North,Oncology-A,1,Email,1,30.54
353,North,Oncology-A,2,Field,1,49.11
353,North,Oncology-A,3,Email,4,147.37
353,North,Oncology-A,4,Field,3,107.28
353,North,Oncology-A,5,Field,2,89.63
353,North,Oncology-A,6,Webinar,2,50.57
353,North,Oncology-A,7,Email,1,84.71
353,North,Oncology-A,8,Email,1,87.95
353,North,Oncology-A,9,Email,2,102.26
353,North,Oncology-A,10,Field,3,78.85
353,North,Oncology-A,11,Field,1,74.49
353,North,Oncology-A,12,Email,4,136.63
354,South,Oncology-B,1,Webinar,2,119.1
354,South,Oncology-B,2,Webinar,4,170.59
354,South,Oncology-B,3,Field,3,120.76
354,South,Oncology-B,4,Field,5,219.35
354,South,Oncology-B,5,Email,4,183.95
354,South,Oncology-B,6,Field,4,133.63
354,South,Oncology-B,7,Field,6,231.61
354,South,Oncology-B,8,Webinar,3,98.46
354,South,Oncology-B,9,Email,4,130.28
354,South,Oncology-B,10,Email,1,132.76
354,South,Oncology-B,11,Webinar,1,109.18
354,South,Oncology-B,12,Field,2,136.61
355,East,Immunology-A,1,Email,4,244.48
355,East,Immunology-A,2,Field,1,185.53
355,East,Immunology-A,3,Email,2,271.2
355,East,Immunology-A,4,Webinar,2,217.39
355,East,Immunology-A,5,Field,1,259.33
355,East,Immunology-A,6,Webinar,2,212.32
355,East,Immunology-A,7,Webinar,0,151.71
355,East,Immunology-A,8,Webinar,3,286.87
355,East,Immunology-A,9,Field,6,303.61
355,East,Immunology-A,10,Field,3,226.37
355,East,Immunology-A,11,Email,3,229.67
355,East,Immunology-A,12,Email,3,270.22
356,West,Diabetes-A,1,Email,5,325.47
356,West,Diabetes-A,2,Field,2,313.86
356,West,Diabetes-A,3,Email,4,302.51
356,West,Diabetes-A,4,Field,4,282.17
356,West,Diabetes-A,5,Webinar,2,278.71
356,West,Diabetes-A,6,Webinar,2,236.02
356,West,Diabetes-A,7,Webinar,3,246.53
356,West,Diabetes-A,8,Email,2,237.5
356,West,Diabetes-A,9,Webinar,4,284.22
356,West,Diabetes-A,10,Webinar,1,227.62
356,West,Diabetes-A,11,Email,2,261.29
356,West,Diabetes-A,12,Email,2,216.4
357,North,Oncology-A,1,Field,1,131.09
357,North,Oncology-A,2,Field,4,241.32
357,North,Oncology-A,3,Field,1,134.78
357,North,Oncology-A,4,Webinar,1,136.22
357,North,Oncology-A,5,Webinar,1,154.98
357,North,Oncology-A,6,Email,3,181.55
357,North,Oncology-A,7,Field,1,160.32
357,North,Oncology-A,8,Field,0,124.36
357,North,Oncology-A,9,Webinar,1,170.08
357,North,Oncology-A,10,Email,1,164.78
357,North,Oncology-A,11,Field,2,151.56
357,North,Oncology-A,12,Webinar,2,166.06
358,South,Oncology-B,1,Webinar,2,231.01
358,South,Oncology-B,2,Field,3,278.22
358,South,Oncology-B,3,Webinar,1,200.81
358,South,Oncology-B,4,Field,2,242.11
358,South,Oncology-B,5,Webinar,0,245.43
358,South,Oncology-B,6,Field,3,257.26
358,South,Oncology-B,7,Email,2,273.78
358,South,Oncology-B,8,Email,3,247.85
358,South,Oncology-B,9,Field,1,222.83
358,South,Oncology-B,10,Webinar,0,220.73
358,South,Oncology-B,11,Webinar,0,226.19
358,South,Oncology-B,12,Webinar,5,290.87
359,East,Immunology-A,1,Webinar,1,85.1
359,East,Immunology-A,2,Email,2,57.46
359,East,Immunology-A,3,Email,2,96.83
359,East,Immunology-A,4,Email,3,77.15
359,East,Immunology-A,5,Email,0,82.5
359,East,Immunology-A,6,Field,4,189.39
359,East,Immunology-A,7,Email,0,73.1
359,East,Immunology-A,8,Field,1,66.97
359,East,Immunology-A,9,Webinar,3,95.15
359,East,Immunology-A,10,Webinar,1,89.28
359,East,Immunology-A,11,Field,4,156.13
359,East,Immunology-A,12,Webinar,4,130.87
360,West,Diabetes-A,1,Email,2,163.73
360,West,Diabetes-A,2,Field,4,218.47
360,West,Diabetes-A,3,Email,5,200.76
360,West,Diabetes-A,4,Field,0,139.36
360,West,Diabetes-A,5,Webinar,0,105.56
360,West,Diabetes-A,6,Email,3,165.18
360,West,Diabetes-A,7,Field,3,163.57
360,West,Diabetes-A,8,Field,2,148.69
360,West,Diabetes-A,9,Email,6,245.68
360,West,Diabetes-A,10,Email,1,121.85
360,West,Diabetes-A,11,Email,6,219.87
360,West,Diabetes-A,12,Webinar,6,211.33
361,North,Oncology-A,1,Webinar,2,131.26
361,North,Oncology-A,2,Email,4,125.0
361,North,Oncology-A,3,Field,3,129.79
361,North,Oncology-A,4,Field,0,52.3
361,North,Oncology-A,5,Email,3,160.27
361,North,Oncology-A,6,Field,3,144.76
361,North,Oncology-A,7,Field,1,105.62
361,North,Oncology-A,8,Field,2,97.7
361,North,Oncology-A,9,Email,1,80.73
361,North,Oncology-A,10,Email,1,55.99
361,North,Oncology-A,11,Field,1,75.69
361,North,Oncology-A,12,Field,1,69.95
362,South,Oncology-B,1,Email,1,88.48
362,South,Oncology-B,2,Email,5,129.88
362,South,Oncology-B,3,Webinar,1,57.83
362,South,Oncology-B,4,Field,3,85.97
362,South,Oncology-B,5,Webinar,5,122.4
362,South,Oncology-B,6,Field,2,78.14
362,South,Oncology-B,7,Webinar,3,143.64
362,South,Oncology-B,8,Webinar,1,53.29
362,South,Oncology-B,9,Email,6,159.1
362,South,Oncology-B,10,Email,1,16.51
362,South,Oncology-B,11,Email,1,59.33
362,South,Oncology-B,12,Field,2,68.69
363,East,Immunology-A,1,Webinar,4,86.08
363,East,Immunology-A,2,Email,1,102.8
363,East,Immunology-A,3,Field,3,81.51
363,East,Immunology-A,4,Field,2,54.19
363,East,Immunology-A,5,Webinar,0,44.37
363,East,Immunology-A,6,Field,2,42.54
363,East,Immunology-A,7,Field,0,61.38
363,East,Immunology-A,8,Field,2,58.0
363,East,Immunology-A,9,Email,3,102.78
363,East,Immunology-A,10,Webinar,3,92.65
363,East,Immunology-A,11,Webinar,4,111.33
363,East,Immunology-A,12,Email,3,155.65
364,West,Diabetes-A,1,Field,0,309.51
364,West,Diabetes-A,2,Webinar,1,226.84
364,West,Diabetes-A,3,Webinar,4,319.96
364,West,Diabetes-A,4,Webinar,0,296.37
364,West,Diabetes-A,5,Webinar,2,306.73
364,West,Diabetes-A,6,Webinar,5,340.42
364,West,Diabetes-A,7,Webinar,2,355.5
364,West,Diabetes-A,8,Webinar,1,287.51
364,West,Diabetes-A,9,Webinar,5,353.09
364,West,Diabetes-A,10,Webinar,1,272.58
364,West,Diabetes-A,11,Email,3,305.58
364,West,Diabetes-A,12,Email,3,317.38
365,North,Oncology-A,1,Field,1,91.15
365,North,Oncology-A,2,Webinar,6,176.46
365,North,Oncology-A,3,Webinar,3,120.87
365,North,Oncology-A,4,Webinar,5,166.78
365,North,Oncology-A,5,Webinar,3,150.16
365,North,Oncology-A,6,Field,5,134.39
365,North,Oncology-A,7,Field,1,41.24
365,North,Oncology-A,8,Email,4,147.98
365,North,Oncology-A,9,Field,3,86.75
365,North,Oncology-A,10,Field,2,119.25
365,North,Oncology-A,11,Webinar,2,123.04
365,North,Oncology-A,12,Field,3,128.43
366,South,Oncology-B,1,Email,2,324.76
366,South,Oncology-B,2,Email,3,316.06
366,South,Oncology-B,3,Webinar,4,354.96
366,South,Oncology-B,4,Field,2,296.65
366,South,Oncology-B,5,Email,0,299.89
366,South,Oncology-B,6,Field,3,352.77
366,South,Oncology-B,7,Field,4,336.53
366,South,Oncology-B,8,Email,1,279.63
366,South,Oncology-B,9,Webinar,1,283.71
366,South,Oncology-B,10,Webinar,5,348.55
366,South,Oncology-B,11,Webinar,4,279.82
366,South,Oncology-B,12,Field,3,293.24
367,East,Immunology-A,1,Webinar,1,100.35
367,East,Immunology-A,2,Email,0,105.99
367,East,Immunology-A,3,Webinar,2,131.79
367,East,Immunology-A,4,Email,0,94.8
367,East,Immunology-A,5,Webinar,3,111.66
367,East,Immunology-A,6,Email,4,160.31
367,East,Immunology-A,7,Webinar,0,121.88
367,East,Immunology-A,8,Webinar,2,101.07
367,East,Immunology-A,9,Email,5,124.78
367,East,Immunology-A,10,Email,4,193.77
367,East,Immunology-A,11,Webinar,3,90.77
367,East,Immunology-A,12,Field,4,169.51
368,West,Diabetes-A,1,Field,1,140.64
368,West,Diabetes-A,2,Field,5,184.06
368,West,Diabetes-A,3,Webinar,4,129.2
368,West,Diabetes-A,4,Field,4,234.79
368,West,Diabetes-A,5,Webinar,0,114.19
368,West,Diabetes-A,6,Webinar,3,198.68
368,West,Diabetes-A,7,Email,4,196.81
368,West,Diabetes-A,8,Webinar,1,157.39
368,West,Diabetes-A,9,Webinar,5,210.85
368,West,Diabetes-A,10,Email,0,156.33
368,West,Diabetes-A,11,Webinar,3,181.35
368,West,Diabetes-A,12,Webinar,4,209.53
369,North,Oncology-A,1,Field,5,236.78
369,North,Oncology-A,2,Webinar,0,113.59
369,North,Oncology-A,3,Email,4,198.15
369,North,Oncology-A,4,Webinar,0,106.28
369,North,Oncology-A,5,Email,2,126.05
369,North,Oncology-A,6,Field,2,166.33
369,North,Oncology-A,7,Email,2,136.51
369,North,Oncology-A,8,Webinar,4,207.48
369,North,Oncology-A,9,Email,4,248.18
369,North,Oncology-A,10,Email,1,137.71
369,North,Oncology-A,11,Field,2,171.84
369,North,Oncology-A,12,Webinar,3,235.45
370,South,Oncology-B,1,Email,2,74.14
370,South,Oncology-B,2,Field,3,205.95
370,South,Oncology-B,3,Field,2,157.82
370,South,Oncology-B,4,Field,0,107.16
370,South,Oncology-B,5,Webinar,6,184.64
370,South,Oncology-B,6,Webinar,5,193.86
370,South,Oncology-B,7,Email,2,148.7
370,South,Oncology-B,8,Webinar,2,178.46
370,South,Oncology-B,9,Field,2,136.06
370,South,Oncology-B,10,Email,0,54.05
370,South,Oncology-B,11,Field,4,196.8
370,South,Oncology-B,12,Webinar,2,119.63
371,East,Immunology-A,1,Email,6,177.75
371,East,Immunology-A,2,Field,2,75.01
371,East,Immunology-A,3,Email,4,123.66
371,East,Immunology-A,4,Field,1,89.5
371,East,Immunology-A,5,Email,5,124.62
371,East,Immunology-A,6,Field,4,138.06
371,East,Immunology-A,7,Webinar,1,76.26
371,East,Immunology-A,8,Webinar,3,74.9
371,East,Immunology-A,9,Webinar,2,95.24
371,East,Immunology-A,10,Field,0,25.14
371,East,Immunology-A,11,Webinar,0,69.45
371,East,Immunology-A,12,Field,1,61.64
372,West,Diabetes-A,1,Webinar,1,130.55
372,West,Diabetes-A,2,Field,4,260.83
372,West,Diabetes-A,3,Field,3,243.67
372,West,Diabetes-A,4,Email,2,200.33
372,West,Diabetes-A,5,Webinar,2,227.6
372,West,Diabetes-A,6,Webinar,4,229.6
372,West,Diabetes-A,7,Email,2,206.08
372,West,Diabetes-A,8,Webinar,0,128.66
372,West,Diabetes-A,9,Webinar,4,175.2
372,West,Diabetes-A,10,Webinar,2,162.0
372,West,Diabetes-A,11,Email,0,141.85
372,West,Diabetes-A,12,Field,2,219.24
373,North,Oncology-A,1,Email,3,163.62
373,North,Oncology-A,2,Field,5,257.84
373,North,Oncology-A,3,Webinar,3,117.54
373,North,Oncology-A,4,Email,5,214.28
373,North,Oncology-A,5,Webinar,3,160.46
373,North,Oncology-A,6,Field,1,151.15
373,North,Oncology-A,7,Field,3,129.2
373,North,Oncology-A,8,Email,3,162.59
373,North,Oncology-A,9,Email,1,107.07
373,North,Oncology-A,10,Webinar,4,222.22
373,North,Oncology-A,11,Email,5,197.95
373,North,Oncology-A,12,Email,3,181.65
374,South,Oncology-B,1,Webinar,1,111.31
374,South,Oncology-B,2,Email,4,199.87
374,South,Oncology-B,3,Field,4,184.54
374,South,Oncology-B,4,Field,5,185.85
374,South,Oncology-B,5,Field,1,134.33
374,South,Oncology-B,6,Webinar,4,183.87
374,South,Oncology-B,7,Field,3,95.8
374,South,Oncology-B,8,Webinar,2,115.51
374,South,Oncology-B,9,Email,2,122.08
374,South,Oncology-B,10,Email,1,99.48
374,South,Oncology-B,11,Field,2,121.5
374,South,Oncology-B,12,Webinar,3,115.48
375,East,Immunology-A,1,Email,2,165.65
375,East,Immunology-A,2,Email,2,105.83
375,East,Immunology-A,3,Webinar,3,147.33
375,East,Immunology-A,4,Email,0,73.96
375,East,Immunology-A,5,Email,1,62.39
375,East,Immunology-A,6,Webinar,3,140.26
375,East,Immunology-A,7,Field,1,103.54
375,East,Immunology-A,8,Webinar,2,146.65
375,East,Immunology-A,9,Webinar,3,164.5
375,East,Immunology-A,10,Field,5,202.93
375,East,Immunology-A,11,Webinar,4,186.38
375,East,Immunology-A,12,Email,2,104.5
376,West,Diabetes-A,1,Webinar,2,189.38
376,West,Diabetes-A,2,Email,2,164.42
376,West,Diabetes-A,3,Webinar,2,198.51
376,West,Diabetes-A,4,Webinar,2,187.88
376,West,Diabetes-A,5,Email,4,257.3
376,West,Diabetes-A,6,Webinar,4,223.52
376,West,Diabetes-A,7,Email,1,210.53
376,West,Diabetes-A,8,Webinar,4,197.74
376,West,Diabetes-A,9,Email,3,235.69
376,West,Diabetes-A,10,Email,2,190.79
376,West,Diabetes-A,11,Field,3,231.02
376,West,Diabetes-A,12,Field,2,202.0
377,North,Oncology-A,1,Webinar,4,139.57
377,North,Oncology-A,2,Field,0,92.55
377,North,Oncology-A,3,Email,2,125.44
377,North,Oncology-A,4,Field,1,92.54
377,North,Oncology-A,5,Field,0,36.63
377,North,Oncology-A,6,Email,7,176.23
377,North,Oncology-A,7,Webinar,1,45.09
377,North,Oncology-A,8,Field,2,111.14
377,North,Oncology-A,9,Webinar,5,115.51
377,North,Oncology-A,10,Webinar,0,54.61
377,North,Oncology-A,11,Field,1,93.37
377,North,Oncology-A,12,Field,3,136.89
378,South,Oncology-B,1,Field,1,95.05
378,South,Oncology-B,2,Webinar,0,50.72
378,South,Oncology-B,3,Webinar,2,87.27
378,South,Oncology-B,4,Field,1,61.03
378,South,Oncology-B,5,Field,2,99.68
378,South,Oncology-B,6,Email,2,58.08
378,South,Oncology-B,7,Webinar,1,66.83
378,South,Oncology-B,8,Email,2,95.08
378,South,Oncology-B,9,Email,2,104.87
378,South,Oncology-B,10,Webinar,1,87.85
378,South,Oncology-B,11,Field,2,137.18
378,South,Oncology-B,12,Email,2,78.41
379,East,Immunology-A,1,Webinar,2,131.71
379,East,Immunology-A,2,Webinar,1,119.05
379,East,Immunology-A,3,Webinar,1,134.04
379,East,Immunology-A,4,Field,4,189.4
379,East,Immunology-A,5,Field,0,142.19
379,East,Immunology-A,6,Webinar,3,135.99
379,East,Immunology-A,7,Email,0,125.0
379,East,Immunology-A,8,Field,2,136.62
379,East,Immunology-A,9,Field,2,149.91
379,East,Immunology-A,10,Email,2,176.53
379,East,Immunology-A,11,Webinar,2,155.52
379,East,Immunology-A,12,Webinar,2,212.7
380,West,Diabetes-A,1,Field,4,172.48
380,West,Diabetes-A,2,Email,4,188.55
380,West,Diabetes-A,3,Email,2,167.05
380,West,Diabetes-A,4,Webinar,5,187.47
380,West,Diabetes-A,5,Email,2,172.37
380,West,Diabetes-A,6,Webinar,4,229.84
380,West,Diabetes-A,7,Email,3,166.54
380,West,Diabetes-A,8,Field,1,113.78
380,West,Diabetes-A,9,Email,2,145.66
380,West,Diabetes-A,10,Webinar,3,175.82
380,West,Diabetes-A,11,Webinar,4,182.0
380,West,Diabetes-A,12,Email,3,157.66
381,North,Oncology-A,1,Email,1,171.46
381,North,Oncology-A,2,Email,3,215.64
381,North,Oncology-A,3,Email,2,187.15
381,North,Oncology-A,4,Field,1,165.77
381,North,Oncology-A,5,Email,1,203.2
381,North,Oncology-A,6,Email,3,199.03
381,North,Oncology-A,7,Webinar,3,214.61
381,North,Oncology-A,8,Webinar,4,242.5
381,North,Oncology-A,9,Field,5,282.57
381,North,Oncology-A,10,Webinar,1,157.54
381,North,Oncology-A,11,Email,1,128.13
381,North,Oncology-A,12,Webinar,1,129.17
382,South,Oncology-B,1,Field,1,96.93
382,South,Oncology-B,2,Field,0,123.81
382,South,Oncology-B,3,Field,1,173.16
382,South,Oncology-B,4,Webinar,2,148.81
382,South,Oncology-B,5,Email,1,191.98
382,South,Oncology-B,6,Field,7,299.51
382,South,Oncology-B,7,Field,3,192.1
382,South,Oncology-B,8,Field,2,162.58
382,South,Oncology-B,9,Field,4,159.63
382,South,Oncology-B,10,Field,0,140.21
382,South,Oncology-B,11,Field,2,163.03
382,South,Oncology-B,12,Email,3,155.8
383,East,Immunology-A,1,Email,3,153.58
383,East,Immunology-A,2,Email,2,104.34
383,East,Immunology-A,3,Email,4,132.16
383,East,Immunology-A,4,Email,5,129.77
383,East,Immunology-A,5,Field,3,115.36
383,East,Immunology-A,6,Webinar,6,188.71
383,East,Immunology-A,7,Field,3,72.35
383,East,Immunology-A,8,Email,2,94.14
383,East,Immunology-A,9,Email,1,36.47
383,East,Immunology-A,10,Field,1,38.1
383,East,Immunology-A,11,Field,1,101.27
383,East,Immunology-A,12,Webinar,3,98.46
384,West,Diabetes-A,1,Field,1,135.41
384,West,Diabetes-A,2,Field,2,166.42
384,West,Diabetes-A,3,Webinar,1,172.17
384,West,Diabetes-A,4,Field,5,205.67
384,West,Diabetes-A,5,Field,3,210.04
384,West,Diabetes-A,6,Email,2,185.0
384,West,Diabetes-A,7,Email,3,111.83
384,West,Diabetes-A,8,Email,0,118.31
384,West,Diabetes-A,9,Email,3,134.17
384,West,Diabetes-A,10,Email,2,164.42
384,West,Diabetes-A,11,Field,2,106.8
384,West,Diabetes-A,12,Webinar,5,150.48
385,North,Oncology-A,1,Email,1,34.97
385,North,Oncology-A,2,Email,0,45.33
385,North,Oncology-A,3,Field,4,64.67
385,North,Oncology-A,4,Field,3,90.69
385,North,Oncology-A,5,Email,0,26.25
385,North,Oncology-A,6,Field,4,128.37
385,North,Oncology-A,7,Email,4,81.01
385,North,Oncology-A,8,Email,0,63.03
385,North,Oncology-A,9,Webinar,2,37.69
385,North,Oncology-A,10,Email,2,80.03
385,North,Oncology-A,11,Webinar,1,54.03
385,North,Oncology-A,12,Field,6,151.36
386,South,Oncology-B,1,Field,2,126.54
386,South,Oncology-B,2,Email,1,104.3
386,South,Oncology-B,3,Email,3,157.34
386,South,Oncology-B,4,Field,2,62.16
386,South,Oncology-B,5,Field,0,62.23
386,South,Oncology-B,6,Webinar,4,108.64
386,South,Oncology-B,7,Field,4,126.15
386,South,Oncology-B,8,Field,1,87.07
386,South,Oncology-B,9,Email,3,83.47
386,South,Oncology-B,10,Field,2,96.56
386,South,Oncology-B,11,Email,3,124.91
386,South,Oncology-B,12,Email,3,108.34
387,East,Immunology-A,1,Field,2,128.97
387,East,Immunology-A,2,Webinar,3,122.62
387,East,Immunology-A,3,Email,1,114.97
387,East,Immunology-A,4,Webinar,0,117.59
387,East,Immunology-A,5,Email,0,55.06
387,East,Immunology-A,6,Webinar,2,119.52
387,East,Immunology-A,7,Field,4,119.98
387,East,Immunology-A,8,Email,2,113.73
387,East,Immunology-A,9,Field,6,187.11
387,East,Immunology-A,10,Webinar,0,86.09
387,East,Immunology-A,11,Email,2,94.04
387,East,Immunology-A,12,Webinar,4,129.55
388,West,Diabetes-A,1,Field,3,76.2
388,West,Diabetes-A,2,Email,3,60.71
388,West,Diabetes-A,3,Email,7,91.3
388,West,Diabetes-A,4,Field,1,9.45
388,West,Diabetes-A,5,Email,3,94.02
388,West,Diabetes-A,6,Field,1,89.56
388,West,Diabetes-A,7,Email,3,81.24
388,West,Diabetes-A,8,Webinar,2,42.61
388,West,Diabetes-A,9,Email,3,84.15
388,West,Diabetes-A,10,Email,1,57.97
388,West,Diabetes-A,11,Field,0,68.83
388,West,Diabetes-A,12,Field,2,53.39
389,North,Oncology-A,1,Email,2,173.8
389,North,Oncology-A,2,Webinar,7,226.32
389,North,Oncology-A,3,Webinar,2,109.59
389,North,Oncology-A,4,Webinar,1,145.18
389,North,Oncology-A,5,Field,2,158.47
389,North,Oncology-A,6,Email,4,183.42
389,North,Oncology-A,7,Email,1,99.47
389,North,Oncology-A,8,Webinar,3,168.0
389,North,Oncology-A,9,Email,3,179.91
389,North,Oncology-A,10,Field,4,146.67
389,North,Oncology-A,11,Email,2,134.05
389,North,Oncology-A,12,Email,2,181.1
390,South,Oncology-B,1,Email,4,96.52
390,South,Oncology-B,2,Field,3,104.85
390,South,Oncology-B,3,Field,3,110.64
390,South,Oncology-B,4,Email,2,70.13
390,South,Oncology-B,5,Field,2,95.46
390,South,Oncology-B,6,Webinar,4,119.93
390,South,Oncology-B,7,Webinar,1,94.68
390,South,Oncology-B,8,Email,3,119.83
390,South,Oncology-B,9,Webinar,2,94.17
390,South,Oncology-B,10,Field,3,107.38
390,South,Oncology-B,11,Field,3,123.02
390,South,Oncology-B,12,Email,2,113.67
391,East,Immunology-A,1,Email,3,75.76
391,East,Immunology-A,2,Webinar,2,40.29
391,East,Immunology-A,3,Email,2,48.35
391,East,Immunology-A,4,Field,1,56.23
391,East,Immunology-A,5,Webinar,1,28.48
391,East,Immunology-A,6,Webinar,2,65.71
391,East,Immunology-A,7,Webinar,1,18.89
391,East,Immunology-A,8,Email,1,70.39
391,East,Immunology-A,9,Webinar,1,48.74
391,East,Immunology-A,10,Field,0,77.6
391,East,Immunology-A,11,Field,0,47.27
391,East,Immunology-A,12,Webinar,3,162.41
392,West,Diabetes-A,1,Email,2,156.95
392,West,Diabetes-A,2,Field,5,169.94
392,West,Diabetes-A,3,Email,3,192.78
392,West,Diabetes-A,4,Email,2,128.88
392,West,Diabetes-A,5,Field,0,128.64
392,West,Diabetes-A,6,Webinar,2,194.82
392,West,Diabetes-A,7,Email,2,109.87
392,West,Diabetes-A,8,Webinar,3,191.14
392,West,Diabetes-A,9,Field,5,193.46
392,West,Diabetes-A,10,Field,1,149.62
392,West,Diabetes-A,11,Email,4,110.2
392,West,Diabetes-A,12,Email,2,117.52
393,North,Oncology-A,1,Email,2,251.82
393,North,Oncology-A,2,Email,4,280.75
393,North,Oncology-A,3,Webinar,2,254.34
393,North,Oncology-A,4,Webinar,6,361.04
393,North,Oncology-A,5,Field,2,251.2
393,North,Oncology-A,6,Email,1,177.74
393,North,Oncology-A,7,Field,5,271.39
393,North,Oncology-A,8,Email,2,238.59
393,North,Oncology-A,9,Field,1,258.17
393,North,Oncology-A,10,Webinar,2,229.79
393,North,Oncology-A,11,Webinar,4,241.61
393,North,Oncology-A,12,Field,2,241.09
394,South,Oncology-B,1,Webinar,3,191.44
394,South,Oncology-B,2,Email,0,178.27
394,South,Oncology-B,3,Field,5,293.62
394,South,Oncology-B,4,Field,0,132.53
394,South,Oncology-B,5,Field,0,150.41
394,South,Oncology-B,6,Webinar,4,216.98
394,South,Oncology-B,7,Email,2,222.94
394,South,Oncology-B,8,Email,4,272.46
394,South,Oncology-B,9,Webinar,1,233.06
394,South,Oncology-B,10,Field,1,158.75
394,South,Oncology-B,11,Email,0,175.52
394,South,Oncology-B,12,Webinar,5,239.84
395,East,Immunology-A,1,Webinar,0,143.0
395,East,Immunology-A,2,Field,1,189.7
395,East,Immunology-A,3,Field,5,301.66
395,East,Immunology-A,4,Webinar,1,163.89
395,East,Immunology-A,5,Field,2,180.97
395,East,Immunology-A,6,Field,1,205.63
395,East,Immunology-A,7,Field,1,233.7
395,East,Immunology-A,8,Field,2,216.65
395,East,Immunology-A,9,Field,1,216.47
395,East,Immunology-A,10,Webinar,1,198.3
395,East,Immunology-A,11,Field,2,211.15
395,East,Immunology-A,12,Webinar,4,227.41
396,West,Diabetes-A,1,Email,0,99.85
396,West,Diabetes-A,2,Field,1,131.38
396,West,Diabetes-A,3,Email,1,105.86
396,West,Diabetes-A,4,Webinar,3,130.43
396,West,Diabetes-A,5,Field,1,92.28
396,West,Diabetes-A,6,Email,3,121.81
396,West,Diabetes-A,7,Webinar,2,83.98
396,West,Diabetes-A,8,Field,5,144.12
396,West,Diabetes-A,9,Field,3,143.32
396,West,Diabetes-A,10,Field,6,215.69
396,West,Diabetes-A,11,Field,1,98.3
396,West,Diabetes-A,12,Field,4,191.61
397,North,Oncology-A,1,Webinar,2,239.86
397,North,Oncology-A,2,Email,0,212.12
397,North,Oncology-A,3,Webinar,2,213.87
397,North,Oncology-A,4,Webinar,1,152.87
397,North,Oncology-A,5,Webinar,3,235.37
397,North,Oncology-A,6,Webinar,1,207.76
397,North,Oncology-A,7,Field,2,277.8
397,North,Oncology-A,8,Webinar,5,316.77
397,North,Oncology-A,9,Field,4,298.49
397,North,Oncology-A,10,Webinar,1,159.19
397,North,Oncology-A,11,Email,4,280.22
397,North,Oncology-A,12,Email,3,225.61
398,South,Oncology-B,1,Field,0,42.35
398,South,Oncology-B,2,Webinar,3,140.07
398,South,Oncology-B,3,Email,3,101.92
398,South,Oncology-B,4,Email,4,160.58
398,South,Oncology-B,5,Webinar,3,93.72
398,South,Oncology-B,6,Webinar,2,114.21
398,South,Oncology-B,7,Webinar,2,77.67
398,South,Oncology-B,8,Field,1,82.33
398,South,Oncology-B,9,Email,4,129.52
398,South,Oncology-B,10,Email,3,104.02
398,South,Oncology-B,11,Email,1,85.27
398,South,Oncology-B,12,Webinar,3,84.55
399,East,Immunology-A,1,Field,2,114.06
399,East,Immunology-A,2,Email,3,123.83
399,East,Immunology-A,3,Field,3,98.82
399,East,Immunology-A,4,Email,3,89.39
399,East,Immunology-A,5,Field,1,112.71
399,East,Immunology-A,6,Field,2,100.84
399,East,Immunology-A,7,Email,6,180.73
399,East,Immunology-A,8,Webinar,2,146.92
399,East,Immunology-A,9,Field,1,106.36
399,East,Immunology-A,10,Field,0,69.64
399,East,Immunology-A,11,Webinar,3,143.73
399,East,Immunology-A,12,Field,1,65.65
400,West,Diabetes-A,1,Field,0,60.76
400,West,Diabetes-A,2,Email,1,72.3
400,West,Diabetes-A,3,Email,1,64.5
400,West,Diabetes-A,4,Webinar,3,124.23
400,West,Diabetes-A,5,Webinar,1,70.45
400,West,Diabetes-A,6,Field,2,93.22
400,West,Diabetes-A,7,Email,3,154.55
400,West,Diabetes-A,8,Email,4,148.48
400,West,Diabetes-A,9,Webinar,1,86.01
400,West,Diabetes-A,10,Email,2,97.16
400,West,Diabetes-A,11,Webinar,4,89.53
400,West,Diabetes-A,12,Email,2,112.84
